item_id,item_desc,stockroom_id,machine_type,stockroom_name,supplier_name,new_modulle,module,alert_1dlt,rop_1dlt_sfm,site,sfm_recommendation,max_delta,rop_delta,justification,comments,duplicate_algo,review_acknowledge,factory_recommended_new_max,factory_recommended_new_rop,factory_recommended_new_min,atm_recommended_max,atm_recommended_rop,atm_recommended_min,ds_recommended_max,ds_recommended_rop,ds_recommended_min,dp_recommended_max,dp_recommended_rop,dp_recommended_min,sims_recommended_max,sims_recommended_rop,sims_recommended_min,shared_parts,psi,sims,bunker_type,sfm_brr_max,sfm_brr_rop,sfm_brr_min,max_qty,rop_qty,min_qty,unitprice,avail_qty,vf_avail_qty,contractual_lead_time,repair_type,ownership,gl_group,category_type,replenishment_policy,order_qty_multiple,item_gl_account,purchasing_group_name,atk_active_flag,latest_atk_valid_to,shareable_indicator,last_547_day_cnsmptn_qty,last_365_day_cnsmptn_qty,last_180_day_cnsmptn_qty,last_90_day_cnsmptn_qty,last_30_day_cnsmptn_qty,last_5_day_cnsmptn_qty,consignment_qty,aging_status,partfreq,previous_part_freq,days_since_last_issue,frequencymonthswithusage,factory,alternative_part,with_repeat_uzb,with_uzb_case_last_8_weeks,modified_user,modified_date,rop_adoption,max_adoption,ooq_adoption,functional_group,one_msia_max,one_msia_rop,one_msia_min,new_clt_change_type,ind_sda,recom_max,recom_rop,recom_min,sfm_max,sfm_rop,sfm_min,sfm_criticality,inventory_owner,area_owner,senstivity_tag,excess_status_tf,qry_eoh_excess_qty,avail_doi_maxd,avail_doi_maxd_group,open_po_qty,qry_msbidataopen_simi_shp_qty,spending_impact,aging_new_flag,other_stkrm_cons,other_stkrm_30d_cons_qty,other_stkrm_90d_cons_qty,other_stkrm_180d_cons_qty,other_stkrm_365d_cons_qty,qry_msbidatadays_since_activation,qry_msbidatadays_since_effective,sfm_mean_lt_cd,uzb_doi_group2,onhand_pallet_qty,ea_per_pallet,qry_msbidata_rls,IPN2
900001,DEMO TCB PART,24,ASM-Pacific,TCB STORE,,Module-TCB,TCB,,,PG,Maintain Algo,,,,,,,,,,3,2,0,,,,,,,,,,,,,,3,2,0,3,2,0,20,1,,10,,,,,Order to Demand,,,,,,,2,2,0,0,0,0,,Active Moving,,,40,3,F1,,,,,,,,,,,,,,,3,2,0,,,,,,,,No Excess Sharing Available,,,,0,,,,,,,,,,,,,,,,
900002,DEMO TCB PART,24,ASM-Pacific,TCB STORE,,Module-TCB,TCB,,,PG,Maintain Algo,,,,,,,,,,3,2,0,,,,,,,,,,,,,,3,2,0,1,0,0,5000,1,,30,,,,,Order to Demand,,,,,,,2,2,0,0,0,0,,Active Moving,,,30,2,F1,,,,,,,,,,,,,,,3,2,0,,,,,,,,No Excess Sharing Available,,,,0,,,,,,,,,,,,,,,,
900003,DEMO TCB PART,24,ASM-Pacific,TCB STORE,,Module-TCB,TCB,,,PG,Maintain Algo,,,,,,,,,,2,1,0,,,,,,,,,,,,,,2,1,0,2,1,0,300,1,,90,,,,,Order to Demand,,,,,,,0,0,0,0,0,0,,Dead,,,,,F1,,,,,,,,,,,,,,,0,0,0,,,,,,,,No Excess Sharing Available,,,,0,,,,,,,,,,,,,,,,
900004,DEMO TCB PART,24,ASM-Pacific,TCB STORE,,Module-TCB,TCB,,,PG,Maintain Algo,,,,,,,,,,1,1,0,,,,,,,,,,,,,,1,1,0,0,0,0,200,0,,90,,,,,Order to Demand,,,,,,,0,0,0,0,0,0,,Active Moving,,,,,F1,,,,,,,,,,,,,,,1,1,0,,,,,,,,No Excess Sharing Available,,,,0,,,,,,,,,,,,,,,,
900005,DEMO TCB PART,24,ASM-Pacific,TCB STORE,,Module-TCB,TCB,,,PG,Maintain Algo,,,,,,,,,,2,1,0,,,,,,,,,,,,,,2,1,0,2,1,0,100,1,,60,,,,,Order to Demand,,,,,,,2,1,1,0,0,0,,Active Moving,,,60,2,F1,,,,,,,,,,,,,,,2,1,0,,,,,,,,No Excess Sharing Available,,,,0,,,,,,,,,,,,,,,,
900006,DEMO TCB PART,24,ASM-Pacific,TCB STORE,,Module-TCB,TCB,,,PG,Maintain Algo,,,,,,,,,,2,1,0,,,,,,,,,,,,,,2,1,0,2,1,0,20,1,,10,,,,,Order to Demand,,,,,,,5,4,3,2,1,0,,Active Moving,,,20,6,F1,,,,,,,,,,,,,,,2,1,0,,,,,,,,No Excess Sharing Available,,,,0,,,,,,,,,,,,,,,,
900007,DEMO TCB PART,24,ASM-Pacific,TCB STORE,,Module-TCB,TCB,,,PG,Maintain Algo,,,,,,,,,,6,1,0,,,,,,,,,,,,,,6,1,0,2,1,0,150,1,,20,,,,,Order to Demand,5,,,,,,4,3,0,0,0,0,,Active Moving,,,25,4,F1,,,,,,,,,,,,,,,6,1,0,,,,,,,,No Excess Sharing Available,,,,0,,,,,,,,,,,,,,,,
900008,DEMO TCB PART,24,ASM-Pacific,TCB STORE,,Module-TCB,TCB,,,PG,Maintain Algo,,,,,,,,,,1,1,0,,,,,,,,,,,,,,1,1,0,4,2,0,100,1,,20,,,,,Order to Demand,,,,,,,0,0,0,0,0,0,,Active Moving,,,,,F1,,,,,,,,,,,,,,,1,1,0,,,,,,,,No Excess Sharing Available,,,,0,,,,,,,,,,,,,,,,
900009,DEMO TCB PART,24,ASM-Pacific,TCB STORE,,Module-TCB,TCB,,,PG,Maintain Algo,,,,,,,,,,2,1,0,,,,,,,,,,,,,,2,1,0,1,3,0,100,1,,20,,,,,Order to Demand,,,,,,,0,0,0,0,0,0,,Active Moving,,,,,F1,,,,,,,,,,,,,,,2,1,0,,,,,,,,No Excess Sharing Available,,,,0,,,,,,,,,,,,,,,,
900010,DEMO TCB PART,24,ASM-Pacific,TCB STORE,,Module-TCB,TCB,,,PG,Maintain Algo,,,,,,,,,,2,1,0,,,,,,,,,,,,,,2,1,0,2,1,0,100,1,,20,,,,,Order to Demand,,,,,,,12,12,0,5,10,0,,Active Moving,,,,,F1,,,,,,,,,,,,,,,2,1,0,,,,,,,,No Excess Sharing Available,,,,0,,,,,,,,,,,,,,,,
900011,DEMO TCB PART,24,ASM-Pacific,TCB STORE,,Module-TCB,TCB,,,PG,Maintain Algo,,,,,,,,,,2,1,0,,,,,,,,,,,,,,2,1,0,2,1,0,100,1,,20,,,,,Order to Demand,,,,,,,0,0,0,0,-5,0,,Active Moving,,,,,F1,,,,,,,,,,,,,,,2,1,0,,,,,,,,No Excess Sharing Available,,,,0,,,,,,,,,,,,,,,,
900012,DEMO TCB PART,24,ASM-Pacific,TCB STORE,,Module-TCB,TCB,,,PG,Maintain Algo,,,,,,,,,,2,1,0,,,,,,,,,,,,,,2,1,0,2,1,0,100,1,,20,,,,,Order to Demand,,,,,,,0,0,0,0,0,0,,Active Moving,,,,,F1,,,,,,,,,,,,,,,2,1,0,,,,,,,,No Excess Sharing Available,,,,0,,,,,,,,,,,,,,,,
900012,DEMO TCB PART,24,ASM-Pacific,TCB STORE,,Module-TCB,TCB,,,PG,Maintain Algo,,,,,,,,,,2,1,0,,,,,,,,,,,,,,2,1,0,2,1,0,100,1,,20,,,,,Order to Demand,,,,,,,0,0,0,0,0,0,,Active Moving,,,,,F1,,,,,,,,,,,,,,,2,1,0,,,,,,,,No Excess Sharing Available,,,,0,,,,,,,,,,,,,,,,
900013,DEMO TCB PART,31,ASM-Pacific,TCB STORE,,Module-TCB,TCB,,,PG,Maintain Algo,,,,,,,,,,4,2,0,,,,,,,,,,,,,,4,2,0,4,2,0,600,1,,20,,,,,Order to Demand,,,,,,,4,3,0,0,0,0,,Active Moving,,,35,4,F1,,,,,,,,,,,,,,,4,2,0,,,,,,,,No Excess Sharing Available,,,,0,,,,,,,,,,,,,,,,
900013,DEMO TCB PART,24,ASM-Pacific,TCB STORE,,Module-TCB,TCB,,,PG,Maintain Algo,,,,,,,,,,2,1,0,,,,,,,,,,,,,,2,1,0,1,0,0,600,0,,20,,,,,Order to Demand,,,,,,,0,0,0,0,0,0,,Active Moving,,,,,F1,,,,,,,,,,,,,,,2,1,0,,,,,,,,No Excess Sharing Available,,,,0,,,,,,,,,,,,,,,,
900014,DEMO TCB PART,24,ASM-Pacific,TCB STORE,,Module-TCB,TCB,,,PG,Maintain Algo,,,,,,,,,,1,1,0,,,,,,,,,,,,,,1,1,0,0,0,0,100,1,,20,,,,,Order to Demand,,,,,,,0,0,0,0,0,0,,New Part,,,,,F1,,,,,,,,,,,,,,,1,1,0,,,,,,,,No Excess Sharing Available,,,,0,,,,,,,,,,,,,,,,
900015,DEMO TCB PART,24,ASM-Pacific,TCB STORE,,Module-TCB,TCB,,,PG,Maintain Algo,,,,,,,,,,2,1,0,,,,,,,,,,,,,,2,1,0,2,1,0,40,1,,15,,,,,Order to Demand,,,,,,,11,9,6,4,0,0,,Active Moving,High,,10,8,F1,,,,,,,,,,,,,,,2,1,0,,,,,,,,No Excess Sharing Available,,,,0,,,,,,,,,,,,,,,,
900016,DEMO TCB PART,24,ASM-Pacific,TCB STORE,,Module-TCB,TCB,,,PG,Maintain Algo,,,,,,,,,,2,1,0,,,,,,,,,,,,,,3,1,0,1,1,0,600,1,,20,,,,,Order to Demand,,,,,,,0,0,0,0,0,0,,Active Moving,,,,,F1,,,,,,,,,,,,,,,2,1,0,,,,,,,,No Excess Sharing Available,,,,0,,,,,,,,,,,,,,,,
900017,DEMO TCB PART,24,ASM-Pacific,TCB STORE,,Module-BA,BA,,,PG,Maintain Algo,,,,,,,,,,2,1,0,,,,,,,,,,,,,,2,1,0,2,1,0,100,1,,20,,,,,Order to Demand,,,,,,,0,0,0,0,0,0,,Active Moving,,,,,F1,,,,,,,,,,,,,,,2,1,0,,,,,,,,No Excess Sharing Available,,,,0,,,,,,,,,,,,,,,,
900018,DEMO TCB PART,24,ASM-Pacific,TCB STORE,,Module-TCB,TCB,,,PG,Maintain Algo,,,,,,,,,,4,1,0,,,,,,,,,,,,,,4,1,0,2,1,0,0,1,,20,,,,,Order to Demand,,,,,,,0,0,0,0,0,0,,Active Moving,,,,,F1,,,,,,,,,,,,,,,4,1,0,,,,,,,,No Excess Sharing Available,,,,0,,,,,,,,,,,,,,,,
