snapshot_month,source_file,source_sheet,tcb_rows,unique_items,status
2024-07,AE_JULY'24 - BOM REVIEW - Factory Cost Rep Review_.xlsx,Upload List,244,225,ok
2024-08,AUGUST'24 - BOM REVIEW - Factory Cost Rep Review .xlsx,Upload File,154,147,ok
2024-09,Sept_24 BOM REVIEW.xlsx,sheet1,2500,2500,ok
2024-10,Oct_24 BOM REVIEW.xlsx,Raw,730,730,ok
2024-12,Dec_24 BOM REVIEW.xlsx,49510_DEC'24,2748,2748,ok
2025-03,March_2025_BOM REVIEW_UN94X4_8ae0dbe9591.xlsx,sheet1,140,140,ok
2025-04,Apr_2025_BOM REVIEW_ww17.xlsx,Ignore this,140,140,DROPPED_DUPLICATE_OF:2025-03
2025-05,May'2025_BOM REVIEW.xlsx,49510,155,154,ok
2026-01,BOM REVIEW_Jan'26 .csv,(csv),2780,2780,ok
