column,prd_class,fill_n,fill_pct,n_unique,type,min,p25,p50,p75,p95,max,mean,n_zero,n_negative,top_values
item_id,INPUT,2780,100.0,2780,numeric,500035612.0,500220364.75,500222717.5,500688628.25,500796087.05,500878944.0,500391480.37,0.0,0.0,
item_desc,INPUT,2780,100.0,2685,categorical,,,,,,,,,,NUDRIVE-3S: EXTENDED POWER MODULE(6) | CBL_INTERLOCK(6) | NDIII CONTROLPOWERMODULE(4) | TRACK WIDTH MTR&ENC ASSY(4)
stockroom_id,INPUT/SENSITIVE,2780,100.0,2,numeric,24.0,24.0,24.0,24.0,24.0,187.0,24.06,0.0,0.0,
machine_type,INPUT/SENSITIVE,2780,100.0,175,categorical,,,,,,,,,,"ASM-Pacific,Phoenix(1002) | GENERIC;ASM-Pacific,Phoenix(201) | ASM-Pacific,Phoenix;GENERIC(197) | KnS TCX3;GENERIC(151)"
stockroom_name,INPUT/SENSITIVE,2780,100.0,2,categorical,,,,,,,,,,Kulim1(2779) | Ekatuju(1)
supplier_name,INPUT/SENSITIVE,2780,100.0,25,categorical,,,,,,,,,,"Asmpt Singapore Pte. Ltd.1000062502(1831) | Kulicke and Soffa Pte. Ltd.1000067229(426) | Heller Industries, Inc.1000017909(195) | Plasmatreat Gmbh1000147451(128)"
new_modulle,INPUT,2148,77.3,35,categorical,,,,,,,,,,"Module-TCB(1930) | Module-DP,Module-TCB(124) | Module-BA,Module-TCB(21) | Module-BA(15)"
module,INPUT,2780,100.0,1,constant,,,,,,,,,,TCB(2780)
alert_1dlt,INPUT,2780,100.0,2,categorical,,,,,,,,,,N(2770) | Y(10)
rop_1dlt_sfm,INPUT,656,23.6,2,categorical,,,,,,,,,,N(649) | Y(7)
site,INPUT/SENSITIVE,2780,100.0,1,constant,,,,,,,,,,KM(2780)
sfm_recommendation,CANDIDATE,2780,100.0,4,categorical,,,,,,,,,,Maintain Algo(2445) | Decrease Algo(187) | Increase Algo(147) | maintain Algo(1)
max_delta,INPUT,2780,100.0,192,numeric,-13994.4,0.0,0.0,0.0,0.0,94128.0,92.85,2544.0,173.0,
rop_delta,INPUT,2780,100.0,59,numeric,-5145.0,0.0,0.0,0.0,0.0,78440.0,160.0,2718.0,16.0,
justification,MEMORY,2780,100.0,8,categorical,,,,,,,,,,Budget/DOI control(1784) | Ad-hoc consumption/Bulk withdraw(482) | Flat Future Consumption(253) | Follow SFM(237)
comments,MEMORY,2780,100.0,48,categorical,,,,,,,,,,Dead Keep Max=0(1704) | ad hoc consumption(376) | follow sfm(193) | SFM = Current MAX(180)
duplicate_algo,INPUT,0,0.0,0,constant,,,,,,,,,,
review_acknowledge,MEMORY,2677,96.3,1,constant,,,,,,,,,,Y(2677)
factory_recommended_new_max,OUTPUT,2780,100.0,19,numeric,0.0,0.0,0.0,0.0,2.0,566.0,0.8,2098.0,0.0,
factory_recommended_new_rop,OUTPUT,2780,100.0,16,numeric,0.0,0.0,0.0,0.0,1.0,454.0,0.38,2619.0,0.0,
factory_recommended_new_min,OUTPUT,2780,100.0,6,numeric,0.0,0.0,0.0,0.0,0.0,150.0,0.07,2745.0,0.0,
atm_recommended_max,CANDIDATE,2780,100.0,19,numeric,0.0,0.0,0.0,0.0,1.0,566.0,0.43,2539.0,0.0,
atm_recommended_rop,CANDIDATE,2780,100.0,16,numeric,0.0,0.0,0.0,0.0,0.0,454.0,0.27,2707.0,0.0,
atm_recommended_min,CANDIDATE,2780,100.0,5,numeric,0.0,0.0,0.0,0.0,0.0,21.0,0.01,2769.0,0.0,
ds_recommended_max,CANDIDATE,0,0.0,0,constant,,,,,,,,,,
ds_recommended_rop,CANDIDATE,0,0.0,0,constant,,,,,,,,,,
ds_recommended_min,CANDIDATE,0,0.0,0,constant,,,,,,,,,,
dp_recommended_max,CANDIDATE,0,0.0,0,constant,,,,,,,,,,
dp_recommended_rop,CANDIDATE,0,0.0,0,constant,,,,,,,,,,
dp_recommended_min,CANDIDATE,0,0.0,0,constant,,,,,,,,,,
sims_recommended_max,CANDIDATE,0,0.0,0,constant,,,,,,,,,,
sims_recommended_rop,CANDIDATE,0,0.0,0,constant,,,,,,,,,,
sims_recommended_min,CANDIDATE,0,0.0,0,constant,,,,,,,,,,
shared_parts,INPUT,174,6.3,1,constant,,,,,,,,,,shared with XG756(174)
psi,INPUT,23,0.8,1,constant,,,,,,,,,,PSI Repair Reserve(23)
sims,INPUT,3,0.1,1,constant,,,,,,,,,,Shared With SIMS(3)
bunker_type,INPUT,81,2.9,1,constant,,,,,,,,,,one msia(81)
sfm_brr_max,CANDIDATE,2780,100.0,23,numeric,0.0,0.0,0.0,0.0,1.0,566.0,0.49,2584.0,0.0,
sfm_brr_rop,CANDIDATE,2780,100.0,18,numeric,0.0,0.0,0.0,0.0,0.0,454.0,0.32,2681.0,0.0,
sfm_brr_min,CANDIDATE,2780,100.0,5,numeric,0.0,0.0,0.0,0.0,0.0,21.0,0.01,2768.0,0.0,
max_qty,INPUT,2780,100.0,14,numeric,0.0,0.0,0.0,0.0,1.0,200.0,0.31,2419.0,0.0,
rop_qty,INPUT,2780,100.0,9,numeric,0.0,0.0,0.0,0.0,0.0,150.0,0.13,2737.0,0.0,
min_qty,INPUT,2780,100.0,6,numeric,0.0,0.0,0.0,0.0,0.0,50.0,0.03,2765.0,0.0,
unitprice,INPUT/SENSITIVE,2780,100.0,1653,numeric,0.01,33.64,161.81,1017.75,8249.664999999915,255465.0,1836.69,0.0,0.0,
avail_qty,INPUT,2780,100.0,41,numeric,0.0,0.0,0.0,1.0,4.0,1000.0,2.11,1642.0,0.0,
vf_avail_qty,INPUT,2780,100.0,112,numeric,0.0,0.0,2.0,7.0,30.0,8000.0,17.57,866.0,0.0,
contractual_lead_time,INPUT,2779,100.0,102,numeric,8.0,25.0,25.0,40.0,80.0,500.0,34.91,0.0,0.0,
repair_type,INPUT,2780,100.0,2,categorical,,,,,,,,,,Non Repairable(2767) | Repair W/O ID(13)
ownership,INPUT,2780,100.0,3,categorical,,,,,,,,,,INTEL OWNED(2445) | CONSIGNMENT(263) | TSM INTEL OWNED(72)
gl_group,INPUT,2780,100.0,2,categorical,,,,,,,,,,4xx(2644) | 3xx(136)
category_type,INPUT,2780,100.0,428,categorical,,,,,,,,,,Module-TCB;WIINGS_2_ECC(400) | WIINGS_2_ECC;Module-TCB(372) | Module-TCB;WIINGS_2_ECC;Assembly(162) | Assembly;Module-TCB;WIINGS_2_ECC(153)
replenishment_policy,INPUT,2780,100.0,3,categorical,,,,,,,,,,Order to Demand(2376) | Order To Max(392) | Order Beyond Max(12)
order_qty_multiple,INPUT,286,10.3,9,numeric,0.0,0.0,0.0,0.0,0.75,100.0,1.23,271.0,0.0,
item_gl_account,INPUT/SENSITIVE,2780,100.0,6,categorical,,,,,,,,,,750-49510-504220(2644) | 750-49510-503480(91) | 750-49510-503440(35) | 750-49510-503420(5)
purchasing_group_name,INPUT,2780,100.0,6,categorical,,,,,,,,,,"Kumar, Shasshi(1834) | MYLSWAMY, GURUDEV(592) | balaji1x.murugan@i(262) | Jiexi, TangX(72)"
atk_active_flag,INPUT,2761,99.3,1,constant,,,,,,,,,,N(2761)
latest_atk_valid_to,INPUT,2761,99.3,11,categorical,,,,,,,,,,2025-07-22 00:00:00+00:00(2618) | 2025-06-25 00:00:00+00:00(118) | 2025-07-20 00:00:00+00:00(7) | 2025-01-31 00:00:00+00:00(7)
shareable_indicator,INPUT,2780,100.0,2,categorical,,,,,,,,,,Y(2552) | N(228)
last_547_day_cnsmptn_qty,INPUT,2780,100.0,40,numeric,-20.0,0.0,0.0,0.0,1.0,2000.0,1.88,2576.0,9.0,
last_365_day_cnsmptn_qty,INPUT,2780,100.0,30,numeric,-20.0,0.0,0.0,0.0,1.0,800.0,0.73,2619.0,9.0,
last_180_day_cnsmptn_qty,INPUT,2780,100.0,19,numeric,-1.0,0.0,0.0,0.0,0.0,800.0,0.51,2669.0,2.0,
last_90_day_cnsmptn_qty,INPUT,2780,100.0,14,numeric,-1.0,0.0,0.0,0.0,0.0,160.0,0.16,2710.0,1.0,
last_30_day_cnsmptn_qty,INPUT,2780,100.0,10,numeric,-5.0,0.0,0.0,0.0,0.0,50.0,0.03,2755.0,2.0,
last_5_day_cnsmptn_qty,INPUT,2780,100.0,2,numeric,0.0,0.0,0.0,0.0,0.0,1.0,0.0,2777.0,0.0,
consignment_qty,INPUT,2780,100.0,7,numeric,0.0,0.0,0.0,0.0,1.0,12.0,0.15,2517.0,0.0,
aging_status,INPUT,2780,100.0,3,categorical,,,,,,,,,,Dead(2481) | Active Moving(213) | New Part(86)
partfreq,INPUT,285,10.3,4,categorical,,,,,,,,,,Low(175) | No Data(75) | Medium(27) | High(8)
previous_part_freq,INPUT,276,9.9,4,categorical,,,,,,,,,,Low(178) | No Data(65) | Medium(25) | High(8)
days_since_last_issue,INPUT,961,34.6,656,numeric,1.0,418.0,1059.0,1649.0,2939.0,4378.0,1144.0,0.0,0.0,
frequencymonthswithusage,INPUT,285,10.3,12,numeric,0.0,0.0,0.0,1.0,5.0,11.0,1.11,148.0,0.0,
factory,INPUT/SENSITIVE,2780,100.0,1,constant,,,,,,,,,,AT_KuAT(2780)
alternative_part,INPUT,138,5.0,109,categorical,,,,,,,,,,500835483(12) | 500835482(11) | 500835486(7) | 500328938(2)
with_repeat_uzb,INPUT,3,0.1,1,constant,,,,,,,,,,N(3)
with_uzb_case_last_8_weeks,INPUT,2,0.1,1,constant,,,,,,,,,,Y(2)
modified_user,MEMORY,2780,100.0,2,categorical,,,,,,,,,,pengchin(2709) | yleowx(71)
modified_date,MEMORY,2780,100.0,261,categorical,,,,,,,,,,08/13/2025 06:35:33(564) | 08/14/2025 14:57:41(139) | 08/14/2025 14:58:00(111) | 08/14/2025 14:58:26(107)
rop_adoption,MEMORY,2780,100.0,2,categorical,,,,,,,,,,1_ROP Adopt SFM/BRR(2679) | 3_ROP Below SFM/BRR(101)
max_adoption,MEMORY,2780,100.0,3,categorical,,,,,,,,,,1_Max Adopt SFM/BRR(2606) | 2_Max Above SFM/BRR(157) | 3_Max Below SFM/BRR(17)
ooq_adoption,MEMORY,8,0.3,1,constant,,,,,,,,,,OOQ Adopt SFM/BRR(8)
functional_group,INPUT,2148,77.3,5,categorical,,,,,,,,,,"AE(1987) | AE,DP(144) | AE,AE(9) | AE,TE(5)"
one_msia_max,CANDIDATE,81,2.9,9,numeric,0.0,0.0,1.0,1.0,5.0,32.0,1.49,31.0,0.0,
one_msia_rop,CANDIDATE,81,2.9,6,numeric,0.0,0.0,0.0,0.0,3.0,30.0,0.73,68.0,0.0,
one_msia_min,CANDIDATE,81,2.9,3,numeric,0.0,0.0,0.0,0.0,0.0,2.0,0.04,79.0,0.0,
new_clt_change_type,INPUT,348,12.5,1,constant,,,,,,,,,,No action(348)
ind_sda,INPUT,0,0.0,0,constant,,,,,,,,,,
recom_max,CANDIDATE,2672,96.1,12,numeric,0.0,0.0,0.0,0.0,0.0,140.0,0.15,2630.0,0.0,
recom_rop,CANDIDATE,2672,96.1,12,numeric,0.0,0.0,0.0,0.0,0.0,124.0,0.12,2630.0,0.0,
recom_min,CANDIDATE,2672,96.1,7,numeric,0.0,0.0,0.0,0.0,0.0,49.0,0.04,2651.0,0.0,
sfm_max,CANDIDATE,656,23.6,23,numeric,1.0,1.0,1.0,1.0,6.0,566.0,2.88,0.0,0.0,
sfm_rop,CANDIDATE,656,23.6,18,numeric,0.0,0.0,0.0,0.0,5.0,454.0,1.47,535.0,0.0,
sfm_min,CANDIDATE,656,23.6,5,numeric,0.0,0.0,0.0,0.0,0.0,21.0,0.06,644.0,0.0,
sfm_criticality,INPUT,656,23.6,4,categorical,,,,,,,,,,D(458) | L(166) | M(26) | H(6)
inventory_owner,INPUT/SENSITIVE,2223,80.0,3,categorical,,,,,,,,,,"Ooi, Peng Chin(2149) | NA(72) | Pham, Thi Khanh Tien(2)"
area_owner,INPUT/SENSITIVE,2354,84.7,4,categorical,,,,,,,,,,"Tan, Jaz(2083) | Cheong, Pei Khim(167) | Ooi, Kim Eng - Penny(103) | Zhu, Ada(1)"
senstivity_tag,INPUT,1,0.0,1,constant,,,,,,,,,,Linesdown(1)
excess_status_tf,INPUT,2780,100.0,3,categorical,,,,,,,,,,Excess Sharing Available(1717) | No Excess Sharing Available(1018) | Single Site/Stkrm(45)
qry_eoh_excess_qty,INPUT,2780,100.0,39,numeric,0.0,0.0,0.0,1.0,4.0,999.0,1.86,1870.0,0.0,
avail_doi_maxd,INPUT,2780,100.0,32,numeric,0.0,9999.0,9999.0,9999.0,9999.0,9999.0,9445.37,49.0,0.0,
avail_doi_maxd_group,INPUT,2780,100.0,7,categorical,,,,,,,,,,>365(2635) | 61-120(50) | 0(49) | 181-365(28)
open_po_qty,INPUT,2779,100.0,5,numeric,0.0,0.0,0.0,0.0,0.0,5.0,0.01,2760.0,0.0,
qry_msbidataopen_simi_shp_qty,INPUT,2766,99.5,5,numeric,0.0,0.0,0.0,0.0,0.0,6.0,0.0,2761.0,0.0,
spending_impact,INPUT/SENSITIVE,2780,100.0,6,numeric,0.0,0.0,0.0,0.0,0.0,64424.5,28.53,2775.0,0.0,
aging_new_flag,INPUT,2780,100.0,2,categorical,,,,,,,,,,N(2762) | Y(18)
other_stkrm_cons,INPUT,39,1.4,4,categorical,,,,,,,,,,"189 Main(30) | 126 Harvest(4) | 189,126 Main,Harvest(4) | 126,189 Harvest,Main(1)"
other_stkrm_30d_cons_qty,INPUT,39,1.4,2,numeric,0.0,0.0,0.0,0.0,1.0,1.0,0.08,36.0,0.0,
other_stkrm_90d_cons_qty,INPUT,39,1.4,2,numeric,0.0,0.0,0.0,0.0,1.0,1.0,0.08,36.0,0.0,
other_stkrm_180d_cons_qty,INPUT,39,1.4,2,numeric,0.0,0.0,0.0,0.0,1.0,1.0,0.1,35.0,0.0,
other_stkrm_365d_cons_qty,INPUT,39,1.4,2,numeric,0.0,0.0,0.0,0.0,1.0,1.0,0.15,33.0,0.0,
qry_msbidatadays_since_activation,INPUT,30,1.1,18,numeric,1072.0,1219.0,1902.5,2303.25,4053.0499999999993,4285.0,2119.3,0.0,0.0,
qry_msbidatadays_since_effective,INPUT,2780,100.0,282,numeric,7.0,1264.0,4079.0,4110.0,4554.0,7888.0,2877.97,0.0,0.0,
sfm_mean_lt_cd,INPUT,656,23.6,86,numeric,-1.0,21.0,35.0,77.0,127.0,252.0,51.98,0.0,1.0,
uzb_doi_group2,INPUT,2780,100.0,11,categorical,,,,,,,,,,>365(2331) | (I) >365(303) | (D) Zero Bin(50) | (F) 61-120(46)
onhand_pallet_qty,INPUT,24,0.9,3,numeric,0.0,0.75,1.0,1.0,2.0,2.0,0.88,6.0,0.0,
ea_per_pallet,INPUT,24,0.9,13,numeric,1.0,1.0,3.5,18.75,3359.9999999999964,7000.0,566.75,0.0,0.0,
qry_msbidata_rls,INPUT,2780,100.0,1,numeric,0.0,0.0,0.0,0.0,0.0,0.0,0.0,2780.0,0.0,
IPN2,INPUT,2780,100.0,2780,numeric,500035612.0,500220364.75,500222717.5,500688628.25,500796087.05,500878944.0,500391480.37,0.0,0.0,
