check,severity,n,pct,note
RULE1_UNUSABLE_missing_freq,High,2495,89.75,Rule 1 LOW_COST_RECURRING_USAGE needs frequencymonthswithusage
RULE3_UNUSABLE_missing_criticality,High,2124,76.4,Rule 3 CRITICAL_MACHINE_PROTECTION needs a criticality value
RULE1_5_UNUSABLE_missing_recency,High,1819,65.43,Rules 1 & 5 need days_since_last_issue
DEAD_BUT_CONSUMING,High,16,0.58,aging_status = Dead but non-zero 365-day consumption
NEGATIVE_CONSUMPTION,High,12,0.43,negative qty in any consumption window
CONSUMPTION_LADDER_BROKEN,High,12,0.43,shorter window exceeds longer window (5<=30<=90<=180<=365<=547)
INVALID_RECOMMENDED_STOCKING_LEVEL,High,1,0.04,same rule violated on the APPROVED factory recommendation
MISSING_LEAD_TIME,High,1,0.04,PRD 6.1: contractual_lead_time valid
DUP_ITEM_ID,High,0,0.0,same item_id appears more than once in TCB
DUP_ITEM_STOCKROOM,High,0,0.0,duplicate item_id+stockroom_id key
MISSING_ITEM_ID,High,0,0.0,PRD 6.1: item_id not null
INVALID_CURRENT_STOCKING_LEVEL,High,0,0.0,max_qty >= rop_qty >= min_qty violated on CURRENT values
NEGATIVE_OPEN_PO,High,0,0.0,PRD 6.1: open_po_qty not negative
MISSING_UNITPRICE,High,0,0.0,PRD 6.1: unitprice valid
ZERO_UNITPRICE,High,0,0.0,unitprice = 0
RECENCY_CONTRADICTS_CONSUMPTION,High,0,0.0,consumed in last 365d but days_since_last_issue is blank
MISSING_FUNCTIONAL_GROUP,Low,632,22.73,functional_group blank
MISSING_ORDER_QTY_MULTIPLE,Medium,2494,89.71,PRD 6.1 / 6.3 MOQ rounding needs order_qty_multiple
STOCK_HELD_ON_DEAD_PART,Medium,931,33.49,on-hand stock against a Dead part
MISSING_NEW_MODULE,Medium,632,22.73,new_modulle blank
RECOMMEND_STOCK_NO_USAGE,Medium,515,18.53,approved new_max > 0 but zero consumption in 547 days
UNACKNOWLEDGED_REVIEW,Medium,103,3.71,row has no review_acknowledge = Y
LEAD_TIME_OUT_OF_RANGE,Medium,1,0.04,CLT <= 0 or > 365 days
SFM_RECO_CASING,Medium,1,0.04,inconsistent casing/whitespace in sfm_recommendation
