target,feature,group,adj_mi_bits,pct_entropy,null_bias,levels,fill_pct
new_MAX (binned),comments,Z. LEAKAGE (engineer's own decision record),0.7124,67.1,0.0232,43,100.0
new_MAX (binned),justification,Z. LEAKAGE (engineer's own decision record),0.5391,50.8,0.005,8,100.0
new_MAX (binned),machine_type,H. Machine / part identity,0.3102,29.2,0.085,175,100.0
new_MAX (binned),uzb_doi_group2,F. Inventory position,0.2842,26.8,0.0061,11,100.0
new_MAX (binned),max_qty,B. Current stocking parameters,0.2725,25.7,0.0007,2,100.0
new_MAX (binned),supplier_name,H. Machine / part identity,0.2606,24.5,0.014,25,100.0
new_MAX (binned),area_owner,I. Org / ownership,0.2466,23.2,0.0028,5,100.0
new_MAX (binned),replenishment_policy,D. Lead time / supply risk,0.2411,22.7,0.0021,3,100.0
new_MAX (binned),sfm_recommendation,A. Algorithm candidate recommendation,0.2298,21.6,0.0017,3,100.0
new_MAX (binned),purchasing_group_name,I. Org / ownership,0.2232,21.0,0.0038,6,100.0
new_MAX (binned),atm_recommended_max,A. Algorithm candidate recommendation,0.2203,20.7,0.0029,4,100.0
new_MAX (binned),inventory_owner,I. Org / ownership,0.2101,19.8,0.0022,4,100.0
new_MAX (binned),category_type,H. Machine / part identity,0.2033,19.1,0.1938,428,100.0
new_MAX (binned),max_delta,E. Cost / value,0.1703,16.0,0.0065,9,100.0
new_MAX (binned),frequencymonthswithusage,C. Consumption / demand history,0.1681,15.8,0.0043,6,10.3
new_MAX (binned),partfreq,C. Consumption / demand history,0.1651,15.5,0.0034,5,100.0
new_MAX (binned),qry_msbidatadays_since_effective,J. Age of master data,0.1635,15.4,0.0048,7,100.0
new_MAX (binned),previous_part_freq,C. Consumption / demand history,0.1594,15.0,0.0033,5,100.0
new_MAX (binned),new_modulle,H. Machine / part identity,0.1593,15.0,0.0171,36,100.0
new_MAX (binned),aging_status,C. Consumption / demand history,0.1576,14.8,0.0016,3,100.0
new_MAX (binned),sfm_brr_max,A. Algorithm candidate recommendation,0.153,14.4,0.0036,5,100.0
new_MAX (binned),sfm_criticality,C. Consumption / demand history,0.1523,14.3,0.0032,5,100.0
new_MAX (binned),days_since_last_issue,C. Consumption / demand history,0.1415,13.3,0.0064,9,34.6
new_MAX (binned),new_clt_change_type,D. Lead time / supply risk,0.1403,13.2,0.0009,2,100.0
new_MAX (binned),vf_avail_qty,F. Inventory position,0.1385,13.0,0.0052,8,100.0
new_MAX (binned),sfm_rop,A. Algorithm candidate recommendation,0.1347,12.7,0.0046,7,23.6
new_MAX (binned),functional_group,H. Machine / part identity,0.1334,12.6,0.0032,6,100.0
new_MAX (binned),contractual_lead_time,D. Lead time / supply risk,0.132,12.4,0.0034,6,100.0
new_MAX (binned),last_547_day_cnsmptn_qty,C. Consumption / demand history,0.1274,12.0,0.0039,6,100.0
new_MAX (binned),sfm_max,A. Algorithm candidate recommendation,0.1157,10.9,0.0018,3,23.6
new_MAX (binned),sfm_brr_rop,A. Algorithm candidate recommendation,0.1148,10.8,0.0047,7,100.0
new_MAX (binned),last_365_day_cnsmptn_qty,C. Consumption / demand history,0.1087,10.2,0.0042,6,100.0
new_MAX (binned),atm_recommended_rop,A. Algorithm candidate recommendation,0.0984,9.3,0.0035,6,100.0
new_MAX (binned),sfm_mean_lt_cd,D. Lead time / supply risk,0.0964,9.1,0.0069,9,23.6
new_MAX (binned),max_adoption,Z. LEAKAGE (engineer's own decision record),0.0915,8.6,0.0016,3,100.0
new_MAX (binned),sfm_min,A. Algorithm candidate recommendation,0.0915,8.6,0.0031,6,23.6
new_MAX (binned),avail_doi_maxd_group,F. Inventory position,0.0915,8.6,0.0042,7,100.0
new_MAX (binned),last_180_day_cnsmptn_qty,C. Consumption / demand history,0.0872,8.2,0.0039,6,100.0
new_MAX (binned),rop_1dlt_sfm,A. Algorithm candidate recommendation,0.0861,8.1,0.0013,3,100.0
new_MAX (binned),latest_atk_valid_to,J. Age of master data,0.0806,7.6,0.0062,12,100.0
new_MAX (binned),avail_qty,F. Inventory position,0.0736,6.9,0.0021,4,100.0
new_MAX (binned),rop_delta,E. Cost / value,0.0671,6.3,0.0061,9,100.0
new_MAX (binned),rop_qty,B. Current stocking parameters,0.0617,5.8,0.0044,9,100.0
new_MAX (binned),last_90_day_cnsmptn_qty,C. Consumption / demand history,0.0596,5.6,0.004,6,100.0
new_MAX (binned),recom_max,A. Algorithm candidate recommendation,0.0589,5.5,0.004,7,96.1
new_MAX (binned),recom_rop,A. Algorithm candidate recommendation,0.0583,5.5,0.0046,7,96.1
new_MAX (binned),one_msia_max,A. Algorithm candidate recommendation,0.047,4.4,0.0049,10,2.9
new_MAX (binned),one_msia_rop,A. Algorithm candidate recommendation,0.0452,4.3,0.0031,7,2.9
new_MAX (binned),unitprice,E. Cost / value,0.0446,4.2,0.0057,8,100.0
new_MAX (binned),recom_min,A. Algorithm candidate recommendation,0.039,3.7,0.0036,8,96.1
new_MAX (binned),alternative_part,G. Sharing / cross-stockroom,0.0382,3.6,0.0433,110,100.0
new_MAX (binned),one_msia_min,A. Algorithm candidate recommendation,0.0336,3.2,0.0018,4,2.9
new_MAX (binned),bunker_type,I. Org / ownership,0.0319,3.0,0.001,2,100.0
new_MAX (binned),excess_status_tf,F. Inventory position,0.0289,2.7,0.0018,3,100.0
new_MAX (binned),min_qty,B. Current stocking parameters,0.028,2.6,0.0022,6,100.0
new_MAX (binned),rop_adoption,Z. LEAKAGE (engineer's own decision record),0.0264,2.5,0.001,2,100.0
new_MAX (binned),sfm_brr_min,A. Algorithm candidate recommendation,0.0218,2.0,0.0022,5,100.0
new_MAX (binned),atm_recommended_min,A. Algorithm candidate recommendation,0.0202,1.9,0.0018,5,100.0
new_MAX (binned),item_desc,H. Machine / part identity,0.0193,1.8,1.0346,2684,100.0
new_MAX (binned),qry_eoh_excess_qty,F. Inventory position,0.0192,1.8,0.0022,4,100.0
new_MAX (binned),last_30_day_cnsmptn_qty,C. Consumption / demand history,0.0188,1.8,0.0024,5,100.0
new_MAX (binned),alert_1dlt,D. Lead time / supply risk,0.0171,1.6,0.0008,2,100.0
new_MAX (binned),item_gl_account,E. Cost / value,0.0171,1.6,0.0034,6,100.0
new_MAX (binned),gl_group,E. Cost / value,0.0164,1.5,0.0006,2,100.0
new_MAX (binned),ownership,I. Org / ownership,0.0131,1.2,0.0019,3,100.0
new_MAX (binned),avail_doi_maxd,F. Inventory position,0.0129,1.2,0.0007,2,100.0
new_MAX (binned),order_qty_multiple,D. Lead time / supply risk,0.0124,1.2,0.0048,10,10.3
new_MAX (binned),consignment_qty,F. Inventory position,0.0111,1.0,0.0037,7,100.0
new_MAX (binned),open_po_qty,F. Inventory position,0.0101,0.9,0.0024,6,100.0
new_MAX (binned),aging_new_flag,C. Consumption / demand history,0.0088,0.8,0.0007,2,100.0
new_MAX (binned),modified_user,Z. LEAKAGE (engineer's own decision record),0.0086,0.8,0.0009,2,100.0
new_MAX (binned),other_stkrm_cons,G. Sharing / cross-stockroom,0.0073,0.7,0.0022,5,100.0
new_MAX (binned),other_stkrm_90d_cons_qty,G. Sharing / cross-stockroom,0.0072,0.7,0.0012,3,1.4
new_MAX (binned),other_stkrm_30d_cons_qty,G. Sharing / cross-stockroom,0.0071,0.7,0.0014,3,1.4
new_MAX (binned),other_stkrm_180d_cons_qty,G. Sharing / cross-stockroom,0.0068,0.6,0.0011,3,1.4
new_MAX (binned),other_stkrm_365d_cons_qty,G. Sharing / cross-stockroom,0.0062,0.6,0.0015,3,1.4
new_MAX (binned),review_acknowledge,Z. LEAKAGE (engineer's own decision record),0.0061,0.6,0.0008,2,100.0
new_MAX (binned),spending_impact,E. Cost / value,0.0058,0.5,0.0018,6,100.0
new_MAX (binned),qry_msbidataopen_simi_shp_qty,F. Inventory position,0.0055,0.5,0.0024,6,99.5
new_MAX (binned),qry_msbidatadays_since_activation,J. Age of master data,0.0035,0.3,0.0043,8,1.1
new_MAX (binned),shared_parts,G. Sharing / cross-stockroom,0.0034,0.3,0.001,2,100.0
new_MAX (binned),onhand_pallet_qty,F. Inventory position,0.0031,0.3,0.0021,4,0.9
new_MAX (binned),shareable_indicator,G. Sharing / cross-stockroom,0.0019,0.2,0.0008,2,100.0
new_MAX (binned),last_5_day_cnsmptn_qty,C. Consumption / demand history,0.0015,0.1,0.0006,2,100.0
new_MAX (binned),repair_type,D. Lead time / supply risk,0.0004,0.0,0.0007,2,100.0
new_MAX (binned),stockroom_id,I. Org / ownership,-0.0002,-0.0,0.0004,2,100.0
new_MAX (binned),stockroom_name,I. Org / ownership,-0.0002,-0.0,0.0003,2,100.0
new_ROP (binned),comments,Z. LEAKAGE (engineer's own decision record),0.133,36.0,0.0121,43,100.0
new_ROP (binned),sfm_brr_rop,A. Algorithm candidate recommendation,0.1122,30.4,0.0031,7,100.0
new_ROP (binned),atm_recommended_rop,A. Algorithm candidate recommendation,0.1103,29.9,0.0019,6,100.0
new_ROP (binned),justification,Z. LEAKAGE (engineer's own decision record),0.1061,28.8,0.0038,8,100.0
new_ROP (binned),sfm_rop,A. Algorithm candidate recommendation,0.0985,26.7,0.0034,7,23.6
new_ROP (binned),sfm_brr_max,A. Algorithm candidate recommendation,0.0941,25.5,0.0025,5,100.0
new_ROP (binned),atm_recommended_max,A. Algorithm candidate recommendation,0.0815,22.1,0.0023,4,100.0
new_ROP (binned),sfm_criticality,C. Consumption / demand history,0.0779,21.1,0.0026,5,100.0
new_ROP (binned),last_365_day_cnsmptn_qty,C. Consumption / demand history,0.0773,20.9,0.003,6,100.0
new_ROP (binned),last_180_day_cnsmptn_qty,C. Consumption / demand history,0.077,20.9,0.0026,6,100.0
new_ROP (binned),last_547_day_cnsmptn_qty,C. Consumption / demand history,0.0769,20.9,0.003,6,100.0
new_ROP (binned),frequencymonthswithusage,C. Consumption / demand history,0.0758,20.6,0.0029,6,10.3
new_ROP (binned),machine_type,H. Machine / part identity,0.0758,20.6,0.041,175,100.0
new_ROP (binned),partfreq,C. Consumption / demand history,0.0737,20.0,0.0023,5,100.0
new_ROP (binned),rop_delta,E. Cost / value,0.0704,19.1,0.003,9,100.0
new_ROP (binned),uzb_doi_group2,F. Inventory position,0.0695,18.9,0.0041,11,100.0
new_ROP (binned),sfm_max,A. Algorithm candidate recommendation,0.0681,18.4,0.0015,3,23.6
new_ROP (binned),days_since_last_issue,C. Consumption / demand history,0.0666,18.0,0.0064,9,34.6
new_ROP (binned),vf_avail_qty,F. Inventory position,0.0655,17.8,0.0055,8,100.0
new_ROP (binned),aging_status,C. Consumption / demand history,0.0641,17.4,0.0016,3,100.0
new_ROP (binned),previous_part_freq,C. Consumption / demand history,0.0634,17.2,0.0026,5,100.0
new_ROP (binned),sfm_recommendation,A. Algorithm candidate recommendation,0.0631,17.1,0.0019,3,100.0
new_ROP (binned),avail_doi_maxd_group,F. Inventory position,0.0609,16.5,0.0032,7,100.0
new_ROP (binned),rop_qty,B. Current stocking parameters,0.0542,14.7,0.0024,9,100.0
new_ROP (binned),recom_max,A. Algorithm candidate recommendation,0.0534,14.5,0.0026,7,96.1
new_ROP (binned),recom_rop,A. Algorithm candidate recommendation,0.0534,14.5,0.0026,7,96.1
new_ROP (binned),max_delta,E. Cost / value,0.0533,14.5,0.0049,9,100.0
new_ROP (binned),last_90_day_cnsmptn_qty,C. Consumption / demand history,0.0528,14.3,0.0025,6,100.0
new_ROP (binned),sfm_min,A. Algorithm candidate recommendation,0.0485,13.2,0.0019,6,23.6
new_ROP (binned),supplier_name,H. Machine / part identity,0.0481,13.0,0.0084,25,100.0
new_ROP (binned),sfm_mean_lt_cd,D. Lead time / supply risk,0.0479,13.0,0.0059,9,23.6
new_ROP (binned),category_type,H. Machine / part identity,0.0442,12.0,0.086,428,100.0
new_ROP (binned),rop_1dlt_sfm,A. Algorithm candidate recommendation,0.0431,11.7,0.0012,3,100.0
new_ROP (binned),new_modulle,H. Machine / part identity,0.0395,10.7,0.0076,36,100.0
new_ROP (binned),recom_min,A. Algorithm candidate recommendation,0.0372,10.1,0.0023,8,96.1
new_ROP (binned),purchasing_group_name,I. Org / ownership,0.0359,9.7,0.0029,6,100.0
new_ROP (binned),alternative_part,G. Sharing / cross-stockroom,0.0346,9.4,0.0145,110,100.0
new_ROP (binned),area_owner,I. Org / ownership,0.0345,9.4,0.0024,5,100.0
new_ROP (binned),avail_qty,F. Inventory position,0.0316,8.6,0.002,4,100.0
new_ROP (binned),replenishment_policy,D. Lead time / supply risk,0.0279,7.6,0.0013,3,100.0
new_ROP (binned),latest_atk_valid_to,J. Age of master data,0.0268,7.3,0.0027,12,100.0
new_ROP (binned),min_qty,B. Current stocking parameters,0.0268,7.3,0.0009,6,100.0
new_ROP (binned),max_qty,B. Current stocking parameters,0.0251,6.8,0.0007,2,100.0
new_ROP (binned),inventory_owner,I. Org / ownership,0.0246,6.7,0.0019,4,100.0
new_ROP (binned),qry_msbidatadays_since_effective,J. Age of master data,0.0242,6.6,0.0051,7,100.0
new_ROP (binned),max_adoption,Z. LEAKAGE (engineer's own decision record),0.0231,6.3,0.0014,3,100.0
new_ROP (binned),one_msia_max,A. Algorithm candidate recommendation,0.0224,6.1,0.0029,10,2.9
new_ROP (binned),sfm_brr_min,A. Algorithm candidate recommendation,0.021,5.7,0.0009,5,100.0
new_ROP (binned),one_msia_rop,A. Algorithm candidate recommendation,0.0206,5.6,0.0018,7,2.9
new_ROP (binned),last_30_day_cnsmptn_qty,C. Consumption / demand history,0.0195,5.3,0.0011,5,100.0
new_ROP (binned),atm_recommended_min,A. Algorithm candidate recommendation,0.0184,5.0,0.0008,5,100.0
new_ROP (binned),functional_group,H. Machine / part identity,0.016,4.3,0.0029,6,100.0
new_ROP (binned),unitprice,E. Cost / value,0.016,4.3,0.0069,8,100.0
new_ROP (binned),new_clt_change_type,D. Lead time / supply risk,0.0151,4.1,0.0009,2,100.0
new_ROP (binned),alert_1dlt,D. Lead time / supply risk,0.0144,3.9,0.0005,2,100.0
new_ROP (binned),contractual_lead_time,D. Lead time / supply risk,0.0141,3.8,0.0035,6,100.0
new_ROP (binned),qry_eoh_excess_qty,F. Inventory position,0.0134,3.6,0.0025,4,100.0
new_ROP (binned),order_qty_multiple,D. Lead time / supply risk,0.0112,3.0,0.0023,10,10.3
new_ROP (binned),avail_doi_maxd,F. Inventory position,0.01,2.7,0.0007,2,100.0
new_ROP (binned),one_msia_min,A. Algorithm candidate recommendation,0.0091,2.5,0.0011,4,2.9
new_ROP (binned),other_stkrm_30d_cons_qty,G. Sharing / cross-stockroom,0.0085,2.3,0.0008,3,1.4
new_ROP (binned),other_stkrm_180d_cons_qty,G. Sharing / cross-stockroom,0.0083,2.3,0.0008,3,1.4
new_ROP (binned),other_stkrm_90d_cons_qty,G. Sharing / cross-stockroom,0.0083,2.2,0.0011,3,1.4
new_ROP (binned),spending_impact,E. Cost / value,0.0079,2.1,0.0006,6,100.0
new_ROP (binned),review_acknowledge,Z. LEAKAGE (engineer's own decision record),0.0079,2.1,0.0008,2,100.0
new_ROP (binned),other_stkrm_cons,G. Sharing / cross-stockroom,0.0079,2.1,0.0012,5,100.0
new_ROP (binned),other_stkrm_365d_cons_qty,G. Sharing / cross-stockroom,0.0078,2.1,0.0009,3,1.4
new_ROP (binned),rop_adoption,Z. LEAKAGE (engineer's own decision record),0.0076,2.1,0.0007,2,100.0
new_ROP (binned),excess_status_tf,F. Inventory position,0.0073,2.0,0.0017,3,100.0
new_ROP (binned),bunker_type,I. Org / ownership,0.0069,1.9,0.0007,2,100.0
new_ROP (binned),open_po_qty,F. Inventory position,0.0064,1.7,0.0015,6,100.0
new_ROP (binned),qry_msbidataopen_simi_shp_qty,F. Inventory position,0.0052,1.4,0.0012,6,99.5
new_ROP (binned),ownership,I. Org / ownership,0.0051,1.4,0.0019,3,100.0
new_ROP (binned),modified_user,Z. LEAKAGE (engineer's own decision record),0.0047,1.3,0.0006,2,100.0
new_ROP (binned),item_gl_account,E. Cost / value,0.0045,1.2,0.0022,6,100.0
new_ROP (binned),qry_msbidatadays_since_activation,J. Age of master data,0.0044,1.2,0.0018,8,1.1
new_ROP (binned),consignment_qty,F. Inventory position,0.0042,1.1,0.0025,7,100.0
new_ROP (binned),item_desc,H. Machine / part identity,0.004,1.1,0.3606,2684,100.0
new_ROP (binned),shared_parts,G. Sharing / cross-stockroom,0.0037,1.0,0.0009,2,100.0
new_ROP (binned),gl_group,E. Cost / value,0.0029,0.8,0.0007,2,100.0
new_ROP (binned),onhand_pallet_qty,F. Inventory position,0.0023,0.6,0.0011,4,0.9
new_ROP (binned),last_5_day_cnsmptn_qty,C. Consumption / demand history,0.0005,0.1,0.0002,2,100.0
new_ROP (binned),shareable_indicator,G. Sharing / cross-stockroom,0.0001,0.0,0.0007,2,100.0
new_ROP (binned),aging_new_flag,C. Consumption / demand history,-0.0,-0.0,0.0006,2,100.0
new_ROP (binned),stockroom_id,I. Org / ownership,-0.0002,-0.0,0.0002,2,100.0
new_ROP (binned),stockroom_name,I. Org / ownership,-0.0002,-0.0,0.0002,2,100.0
new_ROP (binned),repair_type,D. Lead time / supply risk,-0.0004,-0.1,0.0005,2,100.0
new_MIN (binned),sfm_min,A. Algorithm candidate recommendation,0.0378,33.9,0.0016,6,23.6
new_MIN (binned),frequencymonthswithusage,C. Consumption / demand history,0.0377,33.9,0.0025,6,10.3
new_MIN (binned),machine_type,H. Machine / part identity,0.0371,33.3,0.0199,175,100.0
new_MIN (binned),sfm_criticality,C. Consumption / demand history,0.0364,32.7,0.0027,5,100.0
new_MIN (binned),recom_rop,A. Algorithm candidate recommendation,0.0363,32.6,0.0013,7,96.1
new_MIN (binned),recom_max,A. Algorithm candidate recommendation,0.0359,32.3,0.0017,7,96.1
new_MIN (binned),sfm_brr_rop,A. Algorithm candidate recommendation,0.0354,31.8,0.0014,7,100.0
new_MIN (binned),sfm_brr_min,A. Algorithm candidate recommendation,0.0354,31.8,0.0005,5,100.0
new_MIN (binned),last_547_day_cnsmptn_qty,C. Consumption / demand history,0.0345,31.0,0.002,6,100.0
new_MIN (binned),last_365_day_cnsmptn_qty,C. Consumption / demand history,0.0344,30.9,0.0017,6,100.0
new_MIN (binned),partfreq,C. Consumption / demand history,0.0343,30.8,0.0022,5,100.0
new_MIN (binned),sfm_brr_max,A. Algorithm candidate recommendation,0.0334,30.0,0.0017,5,100.0
new_MIN (binned),recom_min,A. Algorithm candidate recommendation,0.0323,29.0,0.0009,8,96.1
new_MIN (binned),atm_recommended_rop,A. Algorithm candidate recommendation,0.032,28.7,0.001,6,100.0
new_MIN (binned),previous_part_freq,C. Consumption / demand history,0.0318,28.6,0.0022,5,100.0
new_MIN (binned),rop_qty,B. Current stocking parameters,0.0317,28.5,0.0008,9,100.0
new_MIN (binned),atm_recommended_min,A. Algorithm candidate recommendation,0.0317,28.5,0.0002,5,100.0
new_MIN (binned),comments,Z. LEAKAGE (engineer's own decision record),0.0316,28.4,0.0081,43,100.0
new_MIN (binned),sfm_rop,A. Algorithm candidate recommendation,0.0308,27.7,0.0032,7,23.6
new_MIN (binned),last_180_day_cnsmptn_qty,C. Consumption / demand history,0.0303,27.2,0.0015,6,100.0
new_MIN (binned),last_90_day_cnsmptn_qty,C. Consumption / demand history,0.0278,25.0,0.001,6,100.0
new_MIN (binned),atm_recommended_max,A. Algorithm candidate recommendation,0.0275,24.7,0.002,4,100.0
new_MIN (binned),min_qty,B. Current stocking parameters,0.0269,24.1,0.0004,6,100.0
new_MIN (binned),sfm_max,A. Algorithm candidate recommendation,0.0267,24.0,0.0021,3,23.6
new_MIN (binned),uzb_doi_group2,F. Inventory position,0.0252,22.7,0.0026,11,100.0
new_MIN (binned),new_modulle,H. Machine / part identity,0.0244,21.9,0.0047,36,100.0
new_MIN (binned),avail_doi_maxd_group,F. Inventory position,0.0234,21.0,0.002,7,100.0
new_MIN (binned),supplier_name,H. Machine / part identity,0.0231,20.8,0.0069,25,100.0
new_MIN (binned),aging_status,C. Consumption / demand history,0.0228,20.5,0.0015,3,100.0
new_MIN (binned),justification,Z. LEAKAGE (engineer's own decision record),0.0227,20.4,0.0038,8,100.0
new_MIN (binned),alternative_part,G. Sharing / cross-stockroom,0.0226,20.4,0.0063,110,100.0
new_MIN (binned),rop_delta,E. Cost / value,0.0211,18.9,0.0011,9,100.0
new_MIN (binned),sfm_mean_lt_cd,D. Lead time / supply risk,0.0187,16.8,0.0052,9,23.6
new_MIN (binned),days_since_last_issue,C. Consumption / demand history,0.0184,16.6,0.0068,9,34.6
new_MIN (binned),area_owner,I. Org / ownership,0.0184,16.5,0.003,5,100.0
new_MIN (binned),purchasing_group_name,I. Org / ownership,0.0177,15.9,0.0035,6,100.0
new_MIN (binned),latest_atk_valid_to,J. Age of master data,0.0174,15.6,0.0016,12,100.0
new_MIN (binned),sfm_recommendation,A. Algorithm candidate recommendation,0.0167,15.1,0.0018,3,100.0
new_MIN (binned),category_type,H. Machine / part identity,0.0155,13.9,0.0327,428,100.0
new_MIN (binned),max_delta,E. Cost / value,0.0145,13.1,0.0029,9,100.0
new_MIN (binned),vf_avail_qty,F. Inventory position,0.0136,12.3,0.0072,8,100.0
new_MIN (binned),rop_1dlt_sfm,A. Algorithm candidate recommendation,0.0129,11.6,0.0015,3,100.0
new_MIN (binned),last_30_day_cnsmptn_qty,C. Consumption / demand history,0.0123,11.1,0.0006,5,100.0
new_MIN (binned),avail_qty,F. Inventory position,0.0119,10.7,0.0034,4,100.0
new_MIN (binned),max_adoption,Z. LEAKAGE (engineer's own decision record),0.0117,10.5,0.0012,3,100.0
new_MIN (binned),functional_group,H. Machine / part identity,0.0113,10.1,0.0027,6,100.0
new_MIN (binned),one_msia_max,A. Algorithm candidate recommendation,0.0108,9.7,0.0013,10,2.9
new_MIN (binned),open_po_qty,F. Inventory position,0.0102,9.2,0.0003,6,100.0
new_MIN (binned),replenishment_policy,D. Lead time / supply risk,0.0097,8.7,0.0016,3,100.0
new_MIN (binned),inventory_owner,I. Org / ownership,0.0091,8.1,0.002,4,100.0
new_MIN (binned),one_msia_rop,A. Algorithm candidate recommendation,0.009,8.1,0.0011,7,2.9
new_MIN (binned),other_stkrm_cons,G. Sharing / cross-stockroom,0.0086,7.7,0.0007,5,100.0
new_MIN (binned),other_stkrm_365d_cons_qty,G. Sharing / cross-stockroom,0.0084,7.5,0.0005,3,1.4
new_MIN (binned),max_qty,B. Current stocking parameters,0.0082,7.4,0.0012,2,100.0
new_MIN (binned),other_stkrm_180d_cons_qty,G. Sharing / cross-stockroom,0.008,7.2,0.0005,3,1.4
new_MIN (binned),order_qty_multiple,D. Lead time / supply risk,0.0079,7.1,0.0016,10,10.3
new_MIN (binned),other_stkrm_30d_cons_qty,G. Sharing / cross-stockroom,0.0078,7.0,0.0006,3,1.4
new_MIN (binned),other_stkrm_90d_cons_qty,G. Sharing / cross-stockroom,0.0077,6.9,0.0008,3,1.4
new_MIN (binned),alert_1dlt,D. Lead time / supply risk,0.0073,6.6,0.0002,2,100.0
new_MIN (binned),qry_eoh_excess_qty,F. Inventory position,0.0072,6.5,0.0029,4,100.0
new_MIN (binned),qry_msbidatadays_since_effective,J. Age of master data,0.0069,6.2,0.006,7,100.0
new_MIN (binned),one_msia_min,A. Algorithm candidate recommendation,0.0065,5.9,0.0007,4,2.9
new_MIN (binned),spending_impact,E. Cost / value,0.0058,5.2,0.0002,6,100.0
new_MIN (binned),rop_adoption,Z. LEAKAGE (engineer's own decision record),0.0053,4.8,0.0005,2,100.0
new_MIN (binned),contractual_lead_time,D. Lead time / supply risk,0.0052,4.7,0.0046,6,100.0
new_MIN (binned),avail_doi_maxd,F. Inventory position,0.005,4.5,0.0005,2,100.0
new_MIN (binned),qry_msbidatadays_since_activation,J. Age of master data,0.0047,4.2,0.0007,8,1.1
new_MIN (binned),new_clt_change_type,D. Lead time / supply risk,0.0037,3.3,0.0013,2,100.0
new_MIN (binned),unitprice,E. Cost / value,0.0025,2.3,0.0077,8,100.0
new_MIN (binned),onhand_pallet_qty,F. Inventory position,0.0023,2.1,0.0006,4,0.9
new_MIN (binned),bunker_type,I. Org / ownership,0.0019,1.7,0.0005,2,100.0
new_MIN (binned),modified_user,Z. LEAKAGE (engineer's own decision record),0.0018,1.6,0.0006,2,100.0
new_MIN (binned),review_acknowledge,Z. LEAKAGE (engineer's own decision record),0.0013,1.2,0.0005,2,100.0
new_MIN (binned),last_5_day_cnsmptn_qty,C. Consumption / demand history,0.0013,1.2,0.0001,2,100.0
new_MIN (binned),shared_parts,G. Sharing / cross-stockroom,0.0012,1.1,0.0009,2,100.0
new_MIN (binned),consignment_qty,F. Inventory position,0.0012,1.1,0.0021,7,100.0
new_MIN (binned),item_desc,H. Machine / part identity,0.0009,0.8,0.1096,2684,100.0
new_MIN (binned),ownership,I. Org / ownership,0.0009,0.8,0.0019,3,100.0
new_MIN (binned),qry_msbidataopen_simi_shp_qty,F. Inventory position,0.0002,0.2,0.0004,6,99.5
new_MIN (binned),stockroom_name,I. Org / ownership,0.0,0.0,0.0,2,100.0
new_MIN (binned),stockroom_id,I. Org / ownership,0.0,0.0,0.0,2,100.0
new_MIN (binned),aging_new_flag,C. Consumption / demand history,-0.0001,-0.1,0.0002,2,100.0
new_MIN (binned),repair_type,D. Lead time / supply risk,-0.0002,-0.2,0.0003,2,100.0
new_MIN (binned),gl_group,E. Cost / value,-0.0003,-0.3,0.0005,2,100.0
new_MIN (binned),shareable_indicator,G. Sharing / cross-stockroom,-0.0004,-0.3,0.0009,2,100.0
new_MIN (binned),item_gl_account,E. Cost / value,-0.0007,-0.6,0.0011,6,100.0
new_MIN (binned),excess_status_tf,F. Inventory position,-0.0008,-0.8,0.0022,3,100.0
STAGE 1: stock at all? (new_max > 0),comments,Z. LEAKAGE (engineer's own decision record),0.6781,84.4,0.0121,43,100.0
STAGE 1: stock at all? (new_max > 0),justification,Z. LEAKAGE (engineer's own decision record),0.5165,64.3,0.002,8,100.0
STAGE 1: stock at all? (new_max > 0),machine_type,H. Machine / part identity,0.278,34.6,0.0508,175,100.0
STAGE 1: stock at all? (new_max > 0),max_qty,B. Current stocking parameters,0.2677,33.3,0.0004,2,100.0
STAGE 1: stock at all? (new_max > 0),uzb_doi_group2,F. Inventory position,0.2517,31.3,0.0026,11,100.0
STAGE 1: stock at all? (new_max > 0),supplier_name,H. Machine / part identity,0.2381,29.6,0.0073,25,100.0
STAGE 1: stock at all? (new_max > 0),replenishment_policy,D. Lead time / supply risk,0.2356,29.3,0.0008,3,100.0
STAGE 1: stock at all? (new_max > 0),area_owner,I. Org / ownership,0.232,28.9,0.001,5,100.0
STAGE 1: stock at all? (new_max > 0),purchasing_group_name,I. Org / ownership,0.2102,26.1,0.0015,6,100.0
STAGE 1: stock at all? (new_max > 0),sfm_recommendation,A. Algorithm candidate recommendation,0.2092,26.0,0.0005,3,100.0
STAGE 1: stock at all? (new_max > 0),inventory_owner,I. Org / ownership,0.2035,25.3,0.001,4,100.0
STAGE 1: stock at all? (new_max > 0),category_type,H. Machine / part identity,0.1799,22.4,0.1265,428,100.0
STAGE 1: stock at all? (new_max > 0),atm_recommended_max,A. Algorithm candidate recommendation,0.1788,22.2,0.0009,4,100.0
STAGE 1: stock at all? (new_max > 0),qry_msbidatadays_since_effective,J. Age of master data,0.156,19.4,0.0015,7,100.0
STAGE 1: stock at all? (new_max > 0),max_delta,E. Cost / value,0.1508,18.8,0.002,9,100.0
STAGE 1: stock at all? (new_max > 0),aging_status,C. Consumption / demand history,0.1387,17.3,0.0007,3,100.0
STAGE 1: stock at all? (new_max > 0),new_clt_change_type,D. Lead time / supply risk,0.1376,17.1,0.0003,2,100.0
STAGE 1: stock at all? (new_max > 0),partfreq,C. Consumption / demand history,0.1343,16.7,0.0015,5,100.0
STAGE 1: stock at all? (new_max > 0),new_modulle,H. Machine / part identity,0.1343,16.7,0.0105,36,100.0
STAGE 1: stock at all? (new_max > 0),previous_part_freq,C. Consumption / demand history,0.1333,16.6,0.0014,5,100.0
STAGE 1: stock at all? (new_max > 0),frequencymonthswithusage,C. Consumption / demand history,0.1296,16.1,0.0012,6,10.3
STAGE 1: stock at all? (new_max > 0),contractual_lead_time,D. Lead time / supply risk,0.1285,16.0,0.0015,6,100.0
STAGE 1: stock at all? (new_max > 0),functional_group,H. Machine / part identity,0.1226,15.3,0.0017,6,100.0
STAGE 1: stock at all? (new_max > 0),sfm_criticality,C. Consumption / demand history,0.1221,15.2,0.001,5,100.0
STAGE 1: stock at all? (new_max > 0),vf_avail_qty,F. Inventory position,0.1117,13.9,0.0021,8,100.0
STAGE 1: stock at all? (new_max > 0),days_since_last_issue,C. Consumption / demand history,0.1103,13.7,0.0023,9,34.6
STAGE 1: stock at all? (new_max > 0),sfm_brr_max,A. Algorithm candidate recommendation,0.106,13.2,0.0013,5,100.0
STAGE 1: stock at all? (new_max > 0),last_547_day_cnsmptn_qty,C. Consumption / demand history,0.0873,10.9,0.0012,6,100.0
STAGE 1: stock at all? (new_max > 0),sfm_rop,A. Algorithm candidate recommendation,0.0852,10.6,0.0017,7,23.6
STAGE 1: stock at all? (new_max > 0),sfm_mean_lt_cd,D. Lead time / supply risk,0.0832,10.3,0.0022,9,23.6
STAGE 1: stock at all? (new_max > 0),sfm_max,A. Algorithm candidate recommendation,0.0787,9.8,0.0007,3,23.6
STAGE 1: stock at all? (new_max > 0),sfm_min,A. Algorithm candidate recommendation,0.0734,9.1,0.0014,6,23.6
STAGE 1: stock at all? (new_max > 0),rop_1dlt_sfm,A. Algorithm candidate recommendation,0.0724,9.0,0.0005,3,100.0
STAGE 1: stock at all? (new_max > 0),max_adoption,Z. LEAKAGE (engineer's own decision record),0.0721,9.0,0.0005,3,100.0
STAGE 1: stock at all? (new_max > 0),avail_doi_maxd_group,F. Inventory position,0.0678,8.4,0.0017,7,100.0
STAGE 1: stock at all? (new_max > 0),latest_atk_valid_to,J. Age of master data,0.0648,8.1,0.003,12,100.0
STAGE 1: stock at all? (new_max > 0),last_365_day_cnsmptn_qty,C. Consumption / demand history,0.0647,8.1,0.0012,6,100.0
STAGE 1: stock at all? (new_max > 0),avail_qty,F. Inventory position,0.053,6.6,0.0007,4,100.0
STAGE 1: stock at all? (new_max > 0),sfm_brr_rop,A. Algorithm candidate recommendation,0.0524,6.5,0.0016,7,100.0
STAGE 1: stock at all? (new_max > 0),last_180_day_cnsmptn_qty,C. Consumption / demand history,0.0462,5.7,0.0015,6,100.0
STAGE 1: stock at all? (new_max > 0),atm_recommended_rop,A. Algorithm candidate recommendation,0.0439,5.5,0.0015,6,100.0
STAGE 1: stock at all? (new_max > 0),rop_delta,E. Cost / value,0.0355,4.4,0.0029,9,100.0
STAGE 1: stock at all? (new_max > 0),one_msia_max,A. Algorithm candidate recommendation,0.0328,4.1,0.0025,10,2.9
STAGE 1: stock at all? (new_max > 0),last_90_day_cnsmptn_qty,C. Consumption / demand history,0.0326,4.1,0.0014,6,100.0
STAGE 1: stock at all? (new_max > 0),bunker_type,I. Org / ownership,0.0324,4.0,0.0003,2,100.0
STAGE 1: stock at all? (new_max > 0),one_msia_min,A. Algorithm candidate recommendation,0.0322,4.0,0.0007,4,2.9
STAGE 1: stock at all? (new_max > 0),one_msia_rop,A. Algorithm candidate recommendation,0.0319,4.0,0.0017,7,2.9
STAGE 1: stock at all? (new_max > 0),excess_status_tf,F. Inventory position,0.0286,3.6,0.0005,3,100.0
STAGE 1: stock at all? (new_max > 0),rop_qty,B. Current stocking parameters,0.0281,3.5,0.0021,9,100.0
STAGE 1: stock at all? (new_max > 0),recom_rop,A. Algorithm candidate recommendation,0.0261,3.2,0.0016,7,96.1
STAGE 1: stock at all? (new_max > 0),recom_max,A. Algorithm candidate recommendation,0.0259,3.2,0.0018,7,96.1
STAGE 1: stock at all? (new_max > 0),rop_adoption,Z. LEAKAGE (engineer's own decision record),0.0241,3.0,0.0002,2,100.0
STAGE 1: stock at all? (new_max > 0),item_desc,H. Machine / part identity,0.0213,2.7,0.7779,2684,100.0
STAGE 1: stock at all? (new_max > 0),alternative_part,G. Sharing / cross-stockroom,0.0202,2.5,0.0308,110,100.0
STAGE 1: stock at all? (new_max > 0),unitprice,E. Cost / value,0.0178,2.2,0.0018,8,100.0
STAGE 1: stock at all? (new_max > 0),recom_min,A. Algorithm candidate recommendation,0.0165,2.1,0.002,8,96.1
STAGE 1: stock at all? (new_max > 0),gl_group,E. Cost / value,0.015,1.9,0.0003,2,100.0
STAGE 1: stock at all? (new_max > 0),item_gl_account,E. Cost / value,0.0147,1.8,0.0014,6,100.0
STAGE 1: stock at all? (new_max > 0),avail_doi_maxd,F. Inventory position,0.0113,1.4,0.0002,2,100.0
STAGE 1: stock at all? (new_max > 0),qry_eoh_excess_qty,F. Inventory position,0.011,1.4,0.0008,4,100.0
STAGE 1: stock at all? (new_max > 0),last_30_day_cnsmptn_qty,C. Consumption / demand history,0.0103,1.3,0.0012,5,100.0
STAGE 1: stock at all? (new_max > 0),min_qty,B. Current stocking parameters,0.0095,1.2,0.0015,6,100.0
STAGE 1: stock at all? (new_max > 0),ownership,I. Org / ownership,0.0087,1.1,0.0008,3,100.0
STAGE 1: stock at all? (new_max > 0),sfm_brr_min,A. Algorithm candidate recommendation,0.0077,1.0,0.0011,5,100.0
STAGE 1: stock at all? (new_max > 0),open_po_qty,F. Inventory position,0.0072,0.9,0.0014,6,100.0
STAGE 1: stock at all? (new_max > 0),atm_recommended_min,A. Algorithm candidate recommendation,0.0071,0.9,0.001,5,100.0
STAGE 1: stock at all? (new_max > 0),aging_new_flag,C. Consumption / demand history,0.007,0.9,0.0002,2,100.0
STAGE 1: stock at all? (new_max > 0),alert_1dlt,D. Lead time / supply risk,0.007,0.9,0.0003,2,100.0
STAGE 1: stock at all? (new_max > 0),consignment_qty,F. Inventory position,0.0058,0.7,0.0015,7,100.0
STAGE 1: stock at all? (new_max > 0),modified_user,Z. LEAKAGE (engineer's own decision record),0.0057,0.7,0.0003,2,100.0
STAGE 1: stock at all? (new_max > 0),order_qty_multiple,D. Lead time / supply risk,0.0057,0.7,0.0025,10,10.3
STAGE 1: stock at all? (new_max > 0),other_stkrm_cons,G. Sharing / cross-stockroom,0.0054,0.7,0.001,5,100.0
STAGE 1: stock at all? (new_max > 0),other_stkrm_365d_cons_qty,G. Sharing / cross-stockroom,0.0049,0.6,0.0005,3,1.4
STAGE 1: stock at all? (new_max > 0),other_stkrm_180d_cons_qty,G. Sharing / cross-stockroom,0.0043,0.5,0.0006,3,1.4
STAGE 1: stock at all? (new_max > 0),other_stkrm_90d_cons_qty,G. Sharing / cross-stockroom,0.0043,0.5,0.0005,3,1.4
STAGE 1: stock at all? (new_max > 0),other_stkrm_30d_cons_qty,G. Sharing / cross-stockroom,0.0041,0.5,0.0007,3,1.4
STAGE 1: stock at all? (new_max > 0),onhand_pallet_qty,F. Inventory position,0.0029,0.4,0.0009,4,0.9
STAGE 1: stock at all? (new_max > 0),spending_impact,E. Cost / value,0.0024,0.3,0.0013,6,100.0
STAGE 1: stock at all? (new_max > 0),qry_msbidatadays_since_activation,J. Age of master data,0.0022,0.3,0.0022,8,1.1
STAGE 1: stock at all? (new_max > 0),qry_msbidataopen_simi_shp_qty,F. Inventory position,0.0022,0.3,0.0013,6,99.5
STAGE 1: stock at all? (new_max > 0),shareable_indicator,G. Sharing / cross-stockroom,0.0013,0.2,0.0003,2,100.0
STAGE 1: stock at all? (new_max > 0),shared_parts,G. Sharing / cross-stockroom,0.0009,0.1,0.0003,2,100.0
STAGE 1: stock at all? (new_max > 0),review_acknowledge,Z. LEAKAGE (engineer's own decision record),0.0007,0.1,0.0003,2,100.0
STAGE 1: stock at all? (new_max > 0),repair_type,D. Lead time / supply risk,0.0005,0.1,0.0002,2,100.0
STAGE 1: stock at all? (new_max > 0),last_5_day_cnsmptn_qty,C. Consumption / demand history,0.0003,0.0,0.0003,2,100.0
STAGE 1: stock at all? (new_max > 0),stockroom_name,I. Org / ownership,-0.0001,-0.0,0.0003,2,100.0
STAGE 1: stock at all? (new_max > 0),stockroom_id,I. Org / ownership,-0.0002,-0.0,0.0003,2,100.0
"STAGE 2: how much? (log1p new_max, stocked rows)",sfm_brr_rop,A. Algorithm candidate recommendation,0.2532,24.1,0.0141,7,100.0
"STAGE 2: how much? (log1p new_max, stocked rows)",atm_recommended_rop,A. Algorithm candidate recommendation,0.2185,20.8,0.0117,6,100.0
"STAGE 2: how much? (log1p new_max, stocked rows)",sfm_rop,A. Algorithm candidate recommendation,0.2008,19.1,0.0132,7,23.6
"STAGE 2: how much? (log1p new_max, stocked rows)",sfm_brr_max,A. Algorithm candidate recommendation,0.1932,18.4,0.0082,5,100.0
"STAGE 2: how much? (log1p new_max, stocked rows)",last_365_day_cnsmptn_qty,C. Consumption / demand history,0.1799,17.1,0.0113,6,100.0
"STAGE 2: how much? (log1p new_max, stocked rows)",atm_recommended_max,A. Algorithm candidate recommendation,0.1719,16.3,0.0057,4,100.0
"STAGE 2: how much? (log1p new_max, stocked rows)",last_547_day_cnsmptn_qty,C. Consumption / demand history,0.1647,15.6,0.0098,6,100.0
"STAGE 2: how much? (log1p new_max, stocked rows)",last_180_day_cnsmptn_qty,C. Consumption / demand history,0.1643,15.6,0.0125,6,100.0
"STAGE 2: how much? (log1p new_max, stocked rows)",frequencymonthswithusage,C. Consumption / demand history,0.1583,15.0,0.0115,6,10.3
"STAGE 2: how much? (log1p new_max, stocked rows)",sfm_max,A. Algorithm candidate recommendation,0.1505,14.3,0.0047,3,23.6
"STAGE 2: how much? (log1p new_max, stocked rows)",rop_qty,B. Current stocking parameters,0.1314,12.5,0.0153,9,100.0
"STAGE 2: how much? (log1p new_max, stocked rows)",recom_max,A. Algorithm candidate recommendation,0.1294,12.3,0.0139,7,96.1
"STAGE 2: how much? (log1p new_max, stocked rows)",recom_rop,A. Algorithm candidate recommendation,0.1284,12.2,0.0149,7,96.1
"STAGE 2: how much? (log1p new_max, stocked rows)",days_since_last_issue,C. Consumption / demand history,0.1282,12.2,0.0159,9,34.6
"STAGE 2: how much? (log1p new_max, stocked rows)",uzb_doi_group2,F. Inventory position,0.1261,12.0,0.021,10,100.0
"STAGE 2: how much? (log1p new_max, stocked rows)",comments,Z. LEAKAGE (engineer's own decision record),0.1245,11.8,0.0604,32,100.0
"STAGE 2: how much? (log1p new_max, stocked rows)",partfreq,C. Consumption / demand history,0.1241,11.8,0.0093,5,100.0
"STAGE 2: how much? (log1p new_max, stocked rows)",sfm_criticality,C. Consumption / demand history,0.1238,11.8,0.0085,5,100.0
"STAGE 2: how much? (log1p new_max, stocked rows)",rop_delta,E. Cost / value,0.1216,11.5,0.0204,9,100.0
"STAGE 2: how much? (log1p new_max, stocked rows)",machine_type,H. Machine / part identity,0.112,10.6,0.1585,94,100.0
"STAGE 2: how much? (log1p new_max, stocked rows)",unitprice,E. Cost / value,0.1114,10.6,0.0136,8,100.0
"STAGE 2: how much? (log1p new_max, stocked rows)",last_90_day_cnsmptn_qty,C. Consumption / demand history,0.1097,10.4,0.0111,6,100.0
"STAGE 2: how much? (log1p new_max, stocked rows)",vf_avail_qty,F. Inventory position,0.1061,10.1,0.0157,8,100.0
"STAGE 2: how much? (log1p new_max, stocked rows)",previous_part_freq,C. Consumption / demand history,0.1046,9.9,0.0092,5,100.0
"STAGE 2: how much? (log1p new_max, stocked rows)",avail_doi_maxd_group,F. Inventory position,0.0938,8.9,0.013,7,100.0
"STAGE 2: how much? (log1p new_max, stocked rows)",justification,Z. LEAKAGE (engineer's own decision record),0.0916,8.7,0.0133,7,100.0
"STAGE 2: how much? (log1p new_max, stocked rows)",new_modulle,H. Machine / part identity,0.0911,8.7,0.0378,23,100.0
"STAGE 2: how much? (log1p new_max, stocked rows)",recom_min,A. Algorithm candidate recommendation,0.0853,8.1,0.0126,8,96.1
"STAGE 2: how much? (log1p new_max, stocked rows)",avail_qty,F. Inventory position,0.0841,8.0,0.0056,4,100.0
"STAGE 2: how much? (log1p new_max, stocked rows)",sfm_recommendation,A. Algorithm candidate recommendation,0.0838,8.0,0.0053,3,100.0
"STAGE 2: how much? (log1p new_max, stocked rows)",max_delta,E. Cost / value,0.0824,7.8,0.0157,9,100.0
"STAGE 2: how much? (log1p new_max, stocked rows)",category_type,H. Machine / part identity,0.0796,7.6,0.2898,172,100.0
"STAGE 2: how much? (log1p new_max, stocked rows)",supplier_name,H. Machine / part identity,0.0796,7.6,0.039,20,100.0
"STAGE 2: how much? (log1p new_max, stocked rows)",max_adoption,Z. LEAKAGE (engineer's own decision record),0.0788,7.5,0.0053,3,100.0
"STAGE 2: how much? (log1p new_max, stocked rows)",aging_status,C. Consumption / demand history,0.0766,7.3,0.0045,3,100.0
"STAGE 2: how much? (log1p new_max, stocked rows)",sfm_min,A. Algorithm candidate recommendation,0.0699,6.6,0.0111,6,23.6
"STAGE 2: how much? (log1p new_max, stocked rows)",min_qty,B. Current stocking parameters,0.0695,6.6,0.0088,6,100.0
"STAGE 2: how much? (log1p new_max, stocked rows)",area_owner,I. Org / ownership,0.0581,5.5,0.0089,5,100.0
"STAGE 2: how much? (log1p new_max, stocked rows)",latest_atk_valid_to,J. Age of master data,0.0576,5.5,0.02,12,100.0
"STAGE 2: how much? (log1p new_max, stocked rows)",sfm_mean_lt_cd,D. Lead time / supply risk,0.0557,5.3,0.0173,9,23.6
"STAGE 2: how much? (log1p new_max, stocked rows)",rop_1dlt_sfm,A. Algorithm candidate recommendation,0.0544,5.2,0.0046,3,100.0
"STAGE 2: how much? (log1p new_max, stocked rows)",sfm_brr_min,A. Algorithm candidate recommendation,0.0542,5.2,0.0077,5,100.0
"STAGE 2: how much? (log1p new_max, stocked rows)",purchasing_group_name,I. Org / ownership,0.0524,5.0,0.0103,6,100.0
"STAGE 2: how much? (log1p new_max, stocked rows)",one_msia_max,A. Algorithm candidate recommendation,0.0513,4.9,0.0165,10,2.9
"STAGE 2: how much? (log1p new_max, stocked rows)",atm_recommended_min,A. Algorithm candidate recommendation,0.0483,4.6,0.0083,5,100.0
"STAGE 2: how much? (log1p new_max, stocked rows)",one_msia_rop,A. Algorithm candidate recommendation,0.0479,4.6,0.0121,7,2.9
"STAGE 2: how much? (log1p new_max, stocked rows)",alternative_part,G. Sharing / cross-stockroom,0.0476,4.5,0.0768,49,100.0
"STAGE 2: how much? (log1p new_max, stocked rows)",alert_1dlt,D. Lead time / supply risk,0.0402,3.8,0.0029,2,100.0
"STAGE 2: how much? (log1p new_max, stocked rows)",functional_group,H. Machine / part identity,0.0399,3.8,0.0103,6,100.0
"STAGE 2: how much? (log1p new_max, stocked rows)",qry_eoh_excess_qty,F. Inventory position,0.0322,3.1,0.0069,4,100.0
"STAGE 2: how much? (log1p new_max, stocked rows)",last_30_day_cnsmptn_qty,C. Consumption / demand history,0.0316,3.0,0.0081,5,100.0
"STAGE 2: how much? (log1p new_max, stocked rows)",qry_msbidatadays_since_effective,J. Age of master data,0.03,2.8,0.0143,7,100.0
"STAGE 2: how much? (log1p new_max, stocked rows)",inventory_owner,I. Org / ownership,0.0262,2.5,0.0054,4,100.0
"STAGE 2: how much? (log1p new_max, stocked rows)",item_desc,H. Machine / part identity,0.0232,2.2,1.015,653,100.0
"STAGE 2: how much? (log1p new_max, stocked rows)",replenishment_policy,D. Lead time / supply risk,0.0221,2.1,0.0058,3,100.0
"STAGE 2: how much? (log1p new_max, stocked rows)",review_acknowledge,Z. LEAKAGE (engineer's own decision record),0.0215,2.0,0.0024,2,100.0
"STAGE 2: how much? (log1p new_max, stocked rows)",order_qty_multiple,D. Lead time / supply risk,0.0214,2.0,0.0151,10,10.3
"STAGE 2: how much? (log1p new_max, stocked rows)",consignment_qty,F. Inventory position,0.0199,1.9,0.0105,6,100.0
"STAGE 2: how much? (log1p new_max, stocked rows)",max_qty,B. Current stocking parameters,0.0192,1.8,0.0015,2,100.0
"STAGE 2: how much? (log1p new_max, stocked rows)",ownership,I. Org / ownership,0.0176,1.7,0.0047,3,100.0
"STAGE 2: how much? (log1p new_max, stocked rows)",contractual_lead_time,D. Lead time / supply risk,0.0132,1.3,0.0087,6,100.0
"STAGE 2: how much? (log1p new_max, stocked rows)",modified_user,Z. LEAKAGE (engineer's own decision record),0.0126,1.2,0.0018,2,100.0
"STAGE 2: how much? (log1p new_max, stocked rows)",new_clt_change_type,D. Lead time / supply risk,0.0113,1.1,0.0018,2,100.0
"STAGE 2: how much? (log1p new_max, stocked rows)",other_stkrm_30d_cons_qty,G. Sharing / cross-stockroom,0.0107,1.0,0.0042,3,1.4
"STAGE 2: how much? (log1p new_max, stocked rows)",shared_parts,G. Sharing / cross-stockroom,0.0105,1.0,0.0025,2,100.0
"STAGE 2: how much? (log1p new_max, stocked rows)",rop_adoption,Z. LEAKAGE (engineer's own decision record),0.0101,1.0,0.0026,2,100.0
"STAGE 2: how much? (log1p new_max, stocked rows)",other_stkrm_90d_cons_qty,G. Sharing / cross-stockroom,0.0099,0.9,0.005,3,1.4
"STAGE 2: how much? (log1p new_max, stocked rows)",qry_msbidataopen_simi_shp_qty,F. Inventory position,0.0099,0.9,0.0085,6,99.5
"STAGE 2: how much? (log1p new_max, stocked rows)",item_gl_account,E. Cost / value,0.0094,0.9,0.0086,6,100.0
"STAGE 2: how much? (log1p new_max, stocked rows)",other_stkrm_180d_cons_qty,G. Sharing / cross-stockroom,0.0084,0.8,0.004,3,1.4
"STAGE 2: how much? (log1p new_max, stocked rows)",spending_impact,E. Cost / value,0.0079,0.8,0.0083,6,100.0
"STAGE 2: how much? (log1p new_max, stocked rows)",aging_new_flag,C. Consumption / demand history,0.0075,0.7,0.0017,2,100.0
"STAGE 2: how much? (log1p new_max, stocked rows)",open_po_qty,F. Inventory position,0.0074,0.7,0.008,5,100.0
"STAGE 2: how much? (log1p new_max, stocked rows)",avail_doi_maxd,F. Inventory position,0.0067,0.6,0.0019,2,100.0
"STAGE 2: how much? (log1p new_max, stocked rows)",gl_group,E. Cost / value,0.005,0.5,0.0018,2,100.0
"STAGE 2: how much? (log1p new_max, stocked rows)",other_stkrm_365d_cons_qty,G. Sharing / cross-stockroom,0.005,0.5,0.0048,3,1.4
"STAGE 2: how much? (log1p new_max, stocked rows)",one_msia_min,A. Algorithm candidate recommendation,0.0044,0.4,0.0056,4,2.9
"STAGE 2: how much? (log1p new_max, stocked rows)",other_stkrm_cons,G. Sharing / cross-stockroom,0.0041,0.4,0.0087,5,100.0
"STAGE 2: how much? (log1p new_max, stocked rows)",last_5_day_cnsmptn_qty,C. Consumption / demand history,0.0037,0.3,0.0023,2,100.0
"STAGE 2: how much? (log1p new_max, stocked rows)",qry_msbidatadays_since_activation,J. Age of master data,0.0029,0.3,0.0109,7,1.1
"STAGE 2: how much? (log1p new_max, stocked rows)",shareable_indicator,G. Sharing / cross-stockroom,0.0025,0.2,0.0018,2,100.0
"STAGE 2: how much? (log1p new_max, stocked rows)",excess_status_tf,F. Inventory position,0.0021,0.2,0.0044,3,100.0
"STAGE 2: how much? (log1p new_max, stocked rows)",onhand_pallet_qty,F. Inventory position,-0.0004,-0.0,0.0064,4,0.9
"STAGE 2: how much? (log1p new_max, stocked rows)",bunker_type,I. Org / ownership,-0.0014,-0.1,0.0019,2,100.0
"STAGE 2: how much? (log1p new_max, stocked rows)",repair_type,D. Lead time / supply risk,-0.0015,-0.1,0.0027,2,100.0
OVERRIDE direction vs atm_recommended_max (algo cols excluded),justification,Z. LEAKAGE (engineer's own decision record),0.6063,86.7,0.0031,8,100.0
OVERRIDE direction vs atm_recommended_max (algo cols excluded),comments,Z. LEAKAGE (engineer's own decision record),0.6053,86.6,0.0147,43,100.0
OVERRIDE direction vs atm_recommended_max (algo cols excluded),machine_type,H. Machine / part identity,0.2193,31.4,0.0504,175,100.0
OVERRIDE direction vs atm_recommended_max (algo cols excluded),supplier_name,H. Machine / part identity,0.2014,28.8,0.0086,25,100.0
OVERRIDE direction vs atm_recommended_max (algo cols excluded),area_owner,I. Org / ownership,0.1941,27.8,0.0021,5,100.0
OVERRIDE direction vs atm_recommended_max (algo cols excluded),inventory_owner,I. Org / ownership,0.1751,25.1,0.0014,4,100.0
OVERRIDE direction vs atm_recommended_max (algo cols excluded),purchasing_group_name,I. Org / ownership,0.175,25.0,0.0025,6,100.0
OVERRIDE direction vs atm_recommended_max (algo cols excluded),max_delta,E. Cost / value,0.1413,20.2,0.0035,9,100.0
OVERRIDE direction vs atm_recommended_max (algo cols excluded),qry_msbidatadays_since_effective,J. Age of master data,0.1295,18.5,0.0029,7,100.0
OVERRIDE direction vs atm_recommended_max (algo cols excluded),new_clt_change_type,D. Lead time / supply risk,0.1215,17.4,0.0007,2,100.0
OVERRIDE direction vs atm_recommended_max (algo cols excluded),category_type,H. Machine / part identity,0.1201,17.2,0.1193,428,100.0
OVERRIDE direction vs atm_recommended_max (algo cols excluded),new_modulle,H. Machine / part identity,0.1156,16.5,0.0104,36,100.0
OVERRIDE direction vs atm_recommended_max (algo cols excluded),functional_group,H. Machine / part identity,0.1039,14.9,0.0019,6,100.0
OVERRIDE direction vs atm_recommended_max (algo cols excluded),contractual_lead_time,D. Lead time / supply risk,0.1035,14.8,0.0025,6,100.0
OVERRIDE direction vs atm_recommended_max (algo cols excluded),uzb_doi_group2,F. Inventory position,0.0722,10.3,0.0036,11,100.0
OVERRIDE direction vs atm_recommended_max (algo cols excluded),vf_avail_qty,F. Inventory position,0.0595,8.5,0.0036,8,100.0
OVERRIDE direction vs atm_recommended_max (algo cols excluded),max_qty,B. Current stocking parameters,0.051,7.3,0.0006,2,100.0
OVERRIDE direction vs atm_recommended_max (algo cols excluded),replenishment_policy,D. Lead time / supply risk,0.0498,7.1,0.0012,3,100.0
OVERRIDE direction vs atm_recommended_max (algo cols excluded),aging_status,C. Consumption / demand history,0.037,5.3,0.0011,3,100.0
OVERRIDE direction vs atm_recommended_max (algo cols excluded),latest_atk_valid_to,J. Age of master data,0.0349,5.0,0.0037,12,100.0
OVERRIDE direction vs atm_recommended_max (algo cols excluded),rop_delta,E. Cost / value,0.0337,4.8,0.0026,9,100.0
OVERRIDE direction vs atm_recommended_max (algo cols excluded),days_since_last_issue,C. Consumption / demand history,0.0261,3.7,0.0042,9,34.6
OVERRIDE direction vs atm_recommended_max (algo cols excluded),frequencymonthswithusage,C. Consumption / demand history,0.0252,3.6,0.002,6,10.3
OVERRIDE direction vs atm_recommended_max (algo cols excluded),partfreq,C. Consumption / demand history,0.0247,3.5,0.0016,5,100.0
OVERRIDE direction vs atm_recommended_max (algo cols excluded),alternative_part,G. Sharing / cross-stockroom,0.0231,3.3,0.0276,110,100.0
OVERRIDE direction vs atm_recommended_max (algo cols excluded),previous_part_freq,C. Consumption / demand history,0.0215,3.1,0.0018,5,100.0
OVERRIDE direction vs atm_recommended_max (algo cols excluded),sfm_criticality,C. Consumption / demand history,0.0209,3.0,0.0017,5,100.0
OVERRIDE direction vs atm_recommended_max (algo cols excluded),unitprice,E. Cost / value,0.0182,2.6,0.004,8,100.0
OVERRIDE direction vs atm_recommended_max (algo cols excluded),avail_doi_maxd_group,F. Inventory position,0.0181,2.6,0.0024,7,100.0
OVERRIDE direction vs atm_recommended_max (algo cols excluded),rop_adoption,Z. LEAKAGE (engineer's own decision record),0.0178,2.5,0.0005,2,100.0
OVERRIDE direction vs atm_recommended_max (algo cols excluded),sfm_mean_lt_cd,D. Lead time / supply risk,0.0178,2.6,0.0039,9,23.6
OVERRIDE direction vs atm_recommended_max (algo cols excluded),last_365_day_cnsmptn_qty,C. Consumption / demand history,0.0177,2.5,0.0019,6,100.0
OVERRIDE direction vs atm_recommended_max (algo cols excluded),last_547_day_cnsmptn_qty,C. Consumption / demand history,0.0167,2.4,0.0021,6,100.0
OVERRIDE direction vs atm_recommended_max (algo cols excluded),last_180_day_cnsmptn_qty,C. Consumption / demand history,0.0159,2.3,0.0019,6,100.0
OVERRIDE direction vs atm_recommended_max (algo cols excluded),excess_status_tf,F. Inventory position,0.0154,2.2,0.001,3,100.0
OVERRIDE direction vs atm_recommended_max (algo cols excluded),last_90_day_cnsmptn_qty,C. Consumption / demand history,0.0137,2.0,0.0018,6,100.0
OVERRIDE direction vs atm_recommended_max (algo cols excluded),item_desc,H. Machine / part identity,0.0137,2.0,0.6796,2684,100.0
OVERRIDE direction vs atm_recommended_max (algo cols excluded),avail_qty,F. Inventory position,0.0102,1.5,0.0019,4,100.0
OVERRIDE direction vs atm_recommended_max (algo cols excluded),consignment_qty,F. Inventory position,0.0095,1.4,0.0021,7,100.0
OVERRIDE direction vs atm_recommended_max (algo cols excluded),ownership,I. Org / ownership,0.0064,0.9,0.001,3,100.0
OVERRIDE direction vs atm_recommended_max (algo cols excluded),max_adoption,Z. LEAKAGE (engineer's own decision record),0.0063,0.9,0.001,3,100.0
OVERRIDE direction vs atm_recommended_max (algo cols excluded),open_po_qty,F. Inventory position,0.0058,0.8,0.0016,6,100.0
OVERRIDE direction vs atm_recommended_max (algo cols excluded),item_gl_account,E. Cost / value,0.005,0.7,0.0019,6,100.0
OVERRIDE direction vs atm_recommended_max (algo cols excluded),qry_eoh_excess_qty,F. Inventory position,0.0043,0.6,0.0016,4,100.0
OVERRIDE direction vs atm_recommended_max (algo cols excluded),aging_new_flag,C. Consumption / demand history,0.0042,0.6,0.0004,2,100.0
OVERRIDE direction vs atm_recommended_max (algo cols excluded),last_30_day_cnsmptn_qty,C. Consumption / demand history,0.0036,0.5,0.0016,5,100.0
OVERRIDE direction vs atm_recommended_max (algo cols excluded),avail_doi_maxd,F. Inventory position,0.0035,0.5,0.0005,2,100.0
OVERRIDE direction vs atm_recommended_max (algo cols excluded),gl_group,E. Cost / value,0.0032,0.5,0.0006,2,100.0
OVERRIDE direction vs atm_recommended_max (algo cols excluded),other_stkrm_90d_cons_qty,G. Sharing / cross-stockroom,0.0031,0.4,0.0006,3,1.4
OVERRIDE direction vs atm_recommended_max (algo cols excluded),rop_qty,B. Current stocking parameters,0.0031,0.4,0.0027,9,100.0
OVERRIDE direction vs atm_recommended_max (algo cols excluded),min_qty,B. Current stocking parameters,0.0029,0.4,0.0014,6,100.0
OVERRIDE direction vs atm_recommended_max (algo cols excluded),bunker_type,I. Org / ownership,0.0029,0.4,0.0007,2,100.0
OVERRIDE direction vs atm_recommended_max (algo cols excluded),other_stkrm_30d_cons_qty,G. Sharing / cross-stockroom,0.0028,0.4,0.0009,3,1.4
OVERRIDE direction vs atm_recommended_max (algo cols excluded),other_stkrm_180d_cons_qty,G. Sharing / cross-stockroom,0.0026,0.4,0.0008,3,1.4
OVERRIDE direction vs atm_recommended_max (algo cols excluded),other_stkrm_cons,G. Sharing / cross-stockroom,0.0026,0.4,0.0015,5,100.0
OVERRIDE direction vs atm_recommended_max (algo cols excluded),other_stkrm_365d_cons_qty,G. Sharing / cross-stockroom,0.0024,0.3,0.0008,3,1.4
OVERRIDE direction vs atm_recommended_max (algo cols excluded),last_5_day_cnsmptn_qty,C. Consumption / demand history,0.0016,0.2,0.0004,2,100.0
OVERRIDE direction vs atm_recommended_max (algo cols excluded),review_acknowledge,Z. LEAKAGE (engineer's own decision record),0.0016,0.2,0.0005,2,100.0
OVERRIDE direction vs atm_recommended_max (algo cols excluded),qry_msbidataopen_simi_shp_qty,F. Inventory position,0.0005,0.1,0.0012,6,99.5
OVERRIDE direction vs atm_recommended_max (algo cols excluded),repair_type,D. Lead time / supply risk,0.0005,0.1,0.0004,2,100.0
OVERRIDE direction vs atm_recommended_max (algo cols excluded),shared_parts,G. Sharing / cross-stockroom,0.0003,0.0,0.0005,2,100.0
OVERRIDE direction vs atm_recommended_max (algo cols excluded),shareable_indicator,G. Sharing / cross-stockroom,0.0001,0.0,0.0006,2,100.0
OVERRIDE direction vs atm_recommended_max (algo cols excluded),spending_impact,E. Cost / value,-0.0001,-0.0,0.0014,6,100.0
OVERRIDE direction vs atm_recommended_max (algo cols excluded),stockroom_id,I. Org / ownership,-0.0001,-0.0,0.0002,2,100.0
OVERRIDE direction vs atm_recommended_max (algo cols excluded),onhand_pallet_qty,F. Inventory position,-0.0002,-0.0,0.0009,4,0.9
OVERRIDE direction vs atm_recommended_max (algo cols excluded),stockroom_name,I. Org / ownership,-0.0002,-0.0,0.0003,2,100.0
OVERRIDE direction vs atm_recommended_max (algo cols excluded),modified_user,Z. LEAKAGE (engineer's own decision record),-0.0002,-0.0,0.0004,2,100.0
OVERRIDE direction vs atm_recommended_max (algo cols excluded),alert_1dlt,D. Lead time / supply risk,-0.0003,-0.0,0.0004,2,100.0
OVERRIDE direction vs atm_recommended_max (algo cols excluded),order_qty_multiple,D. Lead time / supply risk,-0.0004,-0.1,0.0029,10,10.3
OVERRIDE direction vs atm_recommended_max (algo cols excluded),qry_msbidatadays_since_activation,J. Age of master data,-0.001,-0.1,0.0026,8,1.1
ZERO-TRAP firing (algo cols excluded),comments,Z. LEAKAGE (engineer's own decision record),0.6172,79.9,0.0116,43,100.0
ZERO-TRAP firing (algo cols excluded),justification,Z. LEAKAGE (engineer's own decision record),0.4574,59.2,0.0023,8,100.0
ZERO-TRAP firing (algo cols excluded),machine_type,H. Machine / part identity,0.2382,30.8,0.0474,175,100.0
ZERO-TRAP firing (algo cols excluded),uzb_doi_group2,F. Inventory position,0.2151,27.8,0.0029,11,100.0
ZERO-TRAP firing (algo cols excluded),max_qty,B. Current stocking parameters,0.2105,27.2,0.0003,2,100.0
ZERO-TRAP firing (algo cols excluded),supplier_name,H. Machine / part identity,0.2069,26.8,0.0068,25,100.0
ZERO-TRAP firing (algo cols excluded),area_owner,I. Org / ownership,0.202,26.1,0.001,5,100.0
ZERO-TRAP firing (algo cols excluded),replenishment_policy,D. Lead time / supply risk,0.1922,24.9,0.0006,3,100.0
ZERO-TRAP firing (algo cols excluded),inventory_owner,I. Org / ownership,0.1817,23.5,0.001,4,100.0
ZERO-TRAP firing (algo cols excluded),purchasing_group_name,I. Org / ownership,0.1797,23.3,0.0015,6,100.0
ZERO-TRAP firing (algo cols excluded),category_type,H. Machine / part identity,0.1557,20.1,0.1202,428,100.0
ZERO-TRAP firing (algo cols excluded),qry_msbidatadays_since_effective,J. Age of master data,0.1396,18.1,0.0016,7,100.0
ZERO-TRAP firing (algo cols excluded),new_clt_change_type,D. Lead time / supply risk,0.1256,16.3,0.0002,2,100.0
ZERO-TRAP firing (algo cols excluded),max_delta,E. Cost / value,0.1191,15.4,0.0024,9,100.0
ZERO-TRAP firing (algo cols excluded),new_modulle,H. Machine / part identity,0.1166,15.1,0.0105,36,100.0
ZERO-TRAP firing (algo cols excluded),contractual_lead_time,D. Lead time / supply risk,0.1127,14.6,0.0013,6,100.0
ZERO-TRAP firing (algo cols excluded),frequencymonthswithusage,C. Consumption / demand history,0.1101,14.3,0.0013,6,10.3
ZERO-TRAP firing (algo cols excluded),functional_group,H. Machine / part identity,0.1088,14.1,0.0018,6,100.0
ZERO-TRAP firing (algo cols excluded),partfreq,C. Consumption / demand history,0.1008,13.1,0.001,5,100.0
ZERO-TRAP firing (algo cols excluded),vf_avail_qty,F. Inventory position,0.0984,12.7,0.0017,8,100.0
ZERO-TRAP firing (algo cols excluded),previous_part_freq,C. Consumption / demand history,0.0976,12.6,0.0011,5,100.0
ZERO-TRAP firing (algo cols excluded),aging_status,C. Consumption / demand history,0.086,11.1,0.0006,3,100.0
ZERO-TRAP firing (algo cols excluded),sfm_criticality,C. Consumption / demand history,0.0845,10.9,0.0013,5,100.0
ZERO-TRAP firing (algo cols excluded),days_since_last_issue,C. Consumption / demand history,0.0779,10.1,0.0022,9,34.6
ZERO-TRAP firing (algo cols excluded),max_adoption,Z. LEAKAGE (engineer's own decision record),0.0595,7.7,0.0003,3,100.0
ZERO-TRAP firing (algo cols excluded),sfm_mean_lt_cd,D. Lead time / supply risk,0.0568,7.3,0.0022,9,23.6
ZERO-TRAP firing (algo cols excluded),last_547_day_cnsmptn_qty,C. Consumption / demand history,0.0503,6.5,0.0015,6,100.0
ZERO-TRAP firing (algo cols excluded),avail_qty,F. Inventory position,0.0429,5.5,0.0006,4,100.0
ZERO-TRAP firing (algo cols excluded),latest_atk_valid_to,J. Age of master data,0.0423,5.5,0.003,12,100.0
ZERO-TRAP firing (algo cols excluded),last_365_day_cnsmptn_qty,C. Consumption / demand history,0.0354,4.6,0.0014,6,100.0
ZERO-TRAP firing (algo cols excluded),avail_doi_maxd_group,F. Inventory position,0.0319,4.1,0.0017,7,100.0
ZERO-TRAP firing (algo cols excluded),excess_status_tf,F. Inventory position,0.0273,3.5,0.0006,3,100.0
ZERO-TRAP firing (algo cols excluded),bunker_type,I. Org / ownership,0.0222,2.9,0.0001,2,100.0
ZERO-TRAP firing (algo cols excluded),last_180_day_cnsmptn_qty,C. Consumption / demand history,0.0199,2.6,0.0013,6,100.0
ZERO-TRAP firing (algo cols excluded),item_desc,H. Machine / part identity,0.0194,2.5,0.748,2684,100.0
ZERO-TRAP firing (algo cols excluded),unitprice,E. Cost / value,0.0175,2.3,0.0015,8,100.0
ZERO-TRAP firing (algo cols excluded),alternative_part,G. Sharing / cross-stockroom,0.0148,1.9,0.0297,110,100.0
ZERO-TRAP firing (algo cols excluded),gl_group,E. Cost / value,0.0144,1.9,0.0003,2,100.0
ZERO-TRAP firing (algo cols excluded),item_gl_account,E. Cost / value,0.0141,1.8,0.0013,6,100.0
ZERO-TRAP firing (algo cols excluded),rop_delta,E. Cost / value,0.0118,1.5,0.0021,9,100.0
ZERO-TRAP firing (algo cols excluded),rop_adoption,Z. LEAKAGE (engineer's own decision record),0.0113,1.5,0.0001,2,100.0
ZERO-TRAP firing (algo cols excluded),qry_eoh_excess_qty,F. Inventory position,0.0095,1.2,0.0009,4,100.0
ZERO-TRAP firing (algo cols excluded),aging_new_flag,C. Consumption / demand history,0.0075,1.0,0.0003,2,100.0
ZERO-TRAP firing (algo cols excluded),ownership,I. Org / ownership,0.0066,0.9,0.0004,3,100.0
ZERO-TRAP firing (algo cols excluded),consignment_qty,F. Inventory position,0.0056,0.7,0.0017,7,100.0
ZERO-TRAP firing (algo cols excluded),last_90_day_cnsmptn_qty,C. Consumption / demand history,0.0053,0.7,0.0014,6,100.0
ZERO-TRAP firing (algo cols excluded),avail_doi_maxd,F. Inventory position,0.0047,0.6,0.0002,2,100.0
ZERO-TRAP firing (algo cols excluded),order_qty_multiple,D. Lead time / supply risk,0.0035,0.5,0.0024,10,10.3
ZERO-TRAP firing (algo cols excluded),modified_user,Z. LEAKAGE (engineer's own decision record),0.0029,0.4,0.0002,2,100.0
ZERO-TRAP firing (algo cols excluded),rop_qty,B. Current stocking parameters,0.0027,0.4,0.0024,9,100.0
ZERO-TRAP firing (algo cols excluded),other_stkrm_365d_cons_qty,G. Sharing / cross-stockroom,0.0025,0.3,0.0005,3,1.4
ZERO-TRAP firing (algo cols excluded),other_stkrm_cons,G. Sharing / cross-stockroom,0.0025,0.3,0.0011,5,100.0
ZERO-TRAP firing (algo cols excluded),other_stkrm_180d_cons_qty,G. Sharing / cross-stockroom,0.0025,0.3,0.0006,3,1.4
ZERO-TRAP firing (algo cols excluded),other_stkrm_90d_cons_qty,G. Sharing / cross-stockroom,0.0022,0.3,0.0007,3,1.4
ZERO-TRAP firing (algo cols excluded),other_stkrm_30d_cons_qty,G. Sharing / cross-stockroom,0.0022,0.3,0.0007,3,1.4
ZERO-TRAP firing (algo cols excluded),spending_impact,E. Cost / value,0.001,0.1,0.0015,6,100.0
ZERO-TRAP firing (algo cols excluded),qry_msbidataopen_simi_shp_qty,F. Inventory position,0.0008,0.1,0.0012,6,99.5
ZERO-TRAP firing (algo cols excluded),repair_type,D. Lead time / supply risk,0.0006,0.1,0.0003,2,100.0
ZERO-TRAP firing (algo cols excluded),onhand_pallet_qty,F. Inventory position,0.0005,0.1,0.0008,4,0.9
ZERO-TRAP firing (algo cols excluded),open_po_qty,F. Inventory position,0.0004,0.1,0.0014,6,100.0
ZERO-TRAP firing (algo cols excluded),last_30_day_cnsmptn_qty,C. Consumption / demand history,0.0004,0.0,0.0012,5,100.0
ZERO-TRAP firing (algo cols excluded),shared_parts,G. Sharing / cross-stockroom,0.0001,0.0,0.0003,2,100.0
ZERO-TRAP firing (algo cols excluded),last_5_day_cnsmptn_qty,C. Consumption / demand history,0.0,0.0,0.0004,2,100.0
ZERO-TRAP firing (algo cols excluded),alert_1dlt,D. Lead time / supply risk,-0.0,-0.0,0.0003,2,100.0
ZERO-TRAP firing (algo cols excluded),qry_msbidatadays_since_activation,J. Age of master data,-0.0001,-0.0,0.0022,8,1.1
ZERO-TRAP firing (algo cols excluded),stockroom_id,I. Org / ownership,-0.0001,-0.0,0.0002,2,100.0
ZERO-TRAP firing (algo cols excluded),review_acknowledge,Z. LEAKAGE (engineer's own decision record),-0.0001,-0.0,0.0003,2,100.0
ZERO-TRAP firing (algo cols excluded),stockroom_name,I. Org / ownership,-0.0001,-0.0,0.0002,2,100.0
ZERO-TRAP firing (algo cols excluded),shareable_indicator,G. Sharing / cross-stockroom,-0.0003,-0.0,0.0004,2,100.0
ZERO-TRAP firing (algo cols excluded),min_qty,B. Current stocking parameters,-0.0008,-0.1,0.0015,6,100.0
