feature,group,levels,oof_logloss,loss_reduction_pct,oof_auc
comments,Z. LEAKAGE (engineer's own decision record),43,0.1271,77.2,0.987
justification,Z. LEAKAGE (engineer's own decision record),8,0.2102,62.3,0.923
machine_type,H. Machine / part identity,175,0.3891,30.2,0.837
supplier_name,H. Machine / part identity,25,0.3957,29.0,0.802
purchasing_group_name,I. Org / ownership,6,0.413,25.9,0.778
area_owner,I. Org / ownership,5,0.3989,28.4,0.777
category_type,H. Machine / part identity,428,0.4625,17.0,0.773
qry_msbidatadays_since_effective,J. Age of master data,7,0.4514,19.0,0.771
inventory_owner,I. Org / ownership,4,0.4171,25.1,0.759
uzb_doi_group2,F. Inventory position,11,0.3978,28.6,0.755
contractual_lead_time,D. Lead time / supply risk,6,0.469,15.8,0.751
vf_avail_qty,F. Inventory position,8,0.4816,13.6,0.739
max_qty,B. Current stocking parameters,2,0.3741,32.9,0.739
replenishment_policy,D. Lead time / supply risk,3,0.3971,28.7,0.735
new_modulle,H. Machine / part identity,36,0.4702,15.6,0.722
functional_group,H. Machine / part identity,6,0.4727,15.2,0.71
sfm_recommendation,A. Algorithm candidate recommendation,3,0.4163,25.3,0.7
days_since_last_issue,C. Consumption / demand history,9,0.4826,13.4,0.684
sfm_criticality,C. Consumption / demand history,5,0.479,14.0,0.661
new_clt_change_type,D. Lead time / supply risk,2,0.4629,16.9,0.661
sfm_mean_lt_cd,D. Lead time / supply risk,9,0.5035,9.6,0.656
sfm_max,A. Algorithm candidate recommendation,3,0.5042,9.5,0.656
sfm_rop,A. Algorithm candidate recommendation,7,0.5047,9.4,0.654
max_delta,E. Cost / value,9,0.4768,14.4,0.653
aging_status,C. Consumption / demand history,3,0.4632,16.9,0.649
atm_recommended_max,A. Algorithm candidate recommendation,4,0.4443,20.3,0.646
avail_qty,F. Inventory position,4,0.5216,6.4,0.646
partfreq,C. Consumption / demand history,5,0.4702,15.6,0.644
sfm_min,A. Algorithm candidate recommendation,6,0.5108,8.3,0.644
frequencymonthswithusage,C. Consumption / demand history,6,0.4763,14.5,0.644
rop_1dlt_sfm,A. Algorithm candidate recommendation,3,0.5098,8.5,0.64
previous_part_freq,C. Consumption / demand history,5,0.472,15.3,0.639
sfm_brr_max,A. Algorithm candidate recommendation,5,0.4929,11.5,0.6
last_547_day_cnsmptn_qty,C. Consumption / demand history,6,0.5071,9.0,0.599
excess_status_tf,F. Inventory position,3,0.5389,3.3,0.593
unitprice,E. Cost / value,8,0.547,1.8,0.586
max_adoption,Z. LEAKAGE (engineer's own decision record),3,0.5125,8.0,0.574
latest_atk_valid_to,J. Age of master data,12,0.5194,6.8,0.57
last_365_day_cnsmptn_qty,C. Consumption / demand history,6,0.5235,6.0,0.559
avail_doi_maxd_group,F. Inventory position,7,0.5212,6.5,0.556
qry_eoh_excess_qty,F. Inventory position,4,0.5506,1.2,0.551
sfm_brr_rop,A. Algorithm candidate recommendation,7,0.5334,4.3,0.545
last_180_day_cnsmptn_qty,C. Consumption / demand history,6,0.5348,4.0,0.539
ownership,I. Org / ownership,3,0.5519,0.9,0.533
one_msia_rop,A. Algorithm candidate recommendation,7,0.5405,3.0,0.532
item_gl_account,E. Cost / value,6,0.5482,1.6,0.531
one_msia_min,A. Algorithm candidate recommendation,4,0.5371,3.6,0.53
bunker_type,I. Org / ownership,2,0.5362,3.8,0.526
item_desc,H. Machine / part identity,2684,0.5541,0.5,0.525
recom_max,A. Algorithm candidate recommendation,7,0.5484,1.6,0.523
gl_group,E. Cost / value,2,0.5482,1.6,0.522
last_90_day_cnsmptn_qty,C. Consumption / demand history,6,0.5445,2.3,0.519
rop_adoption,Z. LEAKAGE (engineer's own decision record),2,0.5423,2.7,0.515
consignment_qty,F. Inventory position,7,0.5548,0.4,0.515
one_msia_max,A. Algorithm candidate recommendation,10,0.5423,2.7,0.515
atm_recommended_rop,A. Algorithm candidate recommendation,6,0.5378,3.5,0.511
rop_qty,B. Current stocking parameters,9,0.5488,1.5,0.51
alternative_part,G. Sharing / cross-stockroom,110,0.5552,0.4,0.509
recom_rop,A. Algorithm candidate recommendation,7,0.5493,1.4,0.507
other_stkrm_180d_cons_qty,G. Sharing / cross-stockroom,3,0.555,0.4,0.502
order_qty_multiple,D. Lead time / supply risk,10,0.5563,0.1,0.502
rop_delta,E. Cost / value,9,0.5486,1.5,0.499
shareable_indicator,G. Sharing / cross-stockroom,2,0.5564,0.1,0.499
recom_min,A. Algorithm candidate recommendation,8,0.5526,0.8,0.497
open_po_qty,F. Inventory position,6,0.5553,0.3,0.492
avail_doi_maxd,F. Inventory position,2,0.5511,1.1,0.49
other_stkrm_30d_cons_qty,G. Sharing / cross-stockroom,3,0.5552,0.4,0.489
other_stkrm_cons,G. Sharing / cross-stockroom,5,0.556,0.2,0.487
shared_parts,G. Sharing / cross-stockroom,2,0.5571,0.0,0.487
min_qty,B. Current stocking parameters,6,0.5552,0.4,0.486
alert_1dlt,D. Lead time / supply risk,2,0.5553,0.3,0.486
other_stkrm_365d_cons_qty,G. Sharing / cross-stockroom,3,0.5559,0.2,0.485
modified_user,Z. LEAKAGE (engineer's own decision record),2,0.5543,0.5,0.484
aging_new_flag,C. Consumption / demand history,2,0.5549,0.4,0.484
review_acknowledge,Z. LEAKAGE (engineer's own decision record),2,0.5573,-0.0,0.483
last_30_day_cnsmptn_qty,C. Consumption / demand history,5,0.5551,0.4,0.483
atm_recommended_min,A. Algorithm candidate recommendation,5,0.556,0.2,0.48
other_stkrm_90d_cons_qty,G. Sharing / cross-stockroom,3,0.5555,0.3,0.479
spending_impact,E. Cost / value,6,0.5575,-0.1,0.479
qry_msbidataopen_simi_shp_qty,F. Inventory position,6,0.5574,-0.0,0.478
qry_msbidatadays_since_activation,J. Age of master data,8,0.5573,-0.0,0.477
last_5_day_cnsmptn_qty,C. Consumption / demand history,2,0.5576,-0.1,0.476
stockroom_name,I. Org / ownership,2,0.5576,-0.1,0.474
onhand_pallet_qty,F. Inventory position,4,0.5568,0.1,0.474
repair_type,D. Lead time / supply risk,2,0.5578,-0.1,0.469
stockroom_id,I. Org / ownership,2,0.5579,-0.1,0.467
sfm_brr_min,A. Algorithm candidate recommendation,5,0.5574,-0.0,0.459
